ea_id,saq14,saq01,saq02,saq03,saq04,saq05,saq06,saq07,cs2aq01,cs2aq02,cs2aq03,cs2aq04,cs2aq05,cs2aq06,cs2aq06_os,cs2aq07,cs2aq07_os,cs2aq08,cs2aq09,cs2aq10,cs2aq11
010101088800910,1. RURAL,1. TIGRAY,01,01,8,88,009,10,2. NO,1. YES,1. YES,1. YES,2. NO,5. Stone and mud,,4. Wood and Mud,,2. NO,1. YES,1. YES,1. YES
010102088801010,1. RURAL,1. TIGRAY,01,02,8,88,010,10,1. YES,1. YES,1. YES,1. YES,1. YES,5. Stone and mud,,1. Corrugated iron sheet,,2. NO,2. NO,,1. YES
010103088800709,1. RURAL,1. TIGRAY,01,03,8,88,007,09,2. NO,1. YES,1. YES,1. YES,1. YES,5. Stone and mud,,1. Corrugated iron sheet,,2. NO,2. NO,,1. YES
010104010100101,2. URBAN,1. TIGRAY,01,04,1,1,001,01,1. YES,1. YES,1. YES,1. YES,1. YES,5. Stone and mud,,1. Corrugated iron sheet,,2. NO,1. YES,2. NO,2. NO
010104088800405,1. RURAL,1. TIGRAY,01,04,8,88,004,05,2. NO,1. YES,1. YES,1. YES,1. YES,1. Wood and mud,,1. Corrugated iron sheet,,2. NO,2. NO,,2. NO
010105088800712,1. RURAL,1. TIGRAY,01,05,8,88,007,12,2. NO,1. YES,1. YES,1. YES,1. YES,5. Stone and mud,,1. Corrugated iron sheet,,2. NO,2. NO,,2. NO
010105088802215,1. RURAL,1. TIGRAY,01,05,8,88,022,15,1. YES,1. YES,1. YES,1. YES,2. NO,5. Stone and mud,,1. Corrugated iron sheet,,2. NO,1. YES,2. NO,2. NO
010106088801204,1. RURAL,1. TIGRAY,01,06,8,88,012,04,1. YES,1. YES,1. YES,1. YES,1. YES,4. Stone,,4. Wood and Mud,,2. NO,1. YES,1. YES,2. NO
010107010100213,2. URBAN,1. TIGRAY,01,07,1,1,002,13,1. YES,1. YES,1. YES,1. YES,1. YES,"7. Blocks, plastered with cement",,1. Corrugated iron sheet,,1. YES,1. YES,1. YES,1. YES
010108010100218,2. URBAN,1. TIGRAY,01,08,1,1,002,18,1. YES,1. YES,1. YES,1. YES,1. YES,"7. Blocks, plastered with cement",,1. Corrugated iron sheet,,1. YES,1. YES,1. YES,1. YES
010201088801806,1. RURAL,1. TIGRAY,02,01,8,88,018,06,2. NO,1. YES,2. NO,1. YES,2. NO,5. Stone and mud,,1. Corrugated iron sheet,,2. NO,2. NO,,2. NO
010202088801509,1. RURAL,1. TIGRAY,02,02,8,88,015,09,2. NO,1. YES,2. NO,1. YES,2. NO,5. Stone and mud,,1. Corrugated iron sheet,,2. NO,2. NO,,2. NO
010203020100103,2. URBAN,1. TIGRAY,02,03,2,1,001,03,2. NO,1. YES,1. YES,1. YES,1. YES,5. Stone and mud,,1. Corrugated iron sheet,,1. YES,1. YES,1. YES,1. YES
010203088800910,1. RURAL,1. TIGRAY,02,03,8,88,009,10,1. YES,1. YES,1. YES,1. YES,1. YES,5. Stone and mud,,4. Wood and Mud,,2. NO,2. NO,,2. NO
010204088800713,1. RURAL,1. TIGRAY,02,04,8,88,007,13,1. YES,1. YES,1. YES,1. YES,1. YES,5. Stone and mud,,1. Corrugated iron sheet,,2. NO,2. NO,,2. NO
010205088801106,1. RURAL,1. TIGRAY,02,05,8,88,011,06,1. YES,1. YES,1. YES,1. YES,1. YES,5. Stone and mud,,1. Corrugated iron sheet,,2. NO,2. NO,,1. YES
010206088801508,1. RURAL,1. TIGRAY,02,06,8,88,015,08,1. YES,1. YES,1. YES,1. YES,1. YES,5. Stone and mud,,1. Corrugated iron sheet,,2. NO,2. NO,,1. YES
010207088802009,1. RURAL,1. TIGRAY,02,07,8,88,020,09,2. NO,1. YES,1. YES,1. YES,1. YES,5. Stone and mud,,4. Wood and Mud,,2. NO,2. NO,,1. YES
010208088802007,1. RURAL,1. TIGRAY,02,08,8,88,020,07,2. NO,2. NO,2. NO,1. YES,1. YES,5. Stone and mud,,4. Wood and Mud,,1. YES,2. NO,,2. NO
010209010100218,2. URBAN,1. TIGRAY,02,09,1,1,002,18,1. YES,1. YES,1. YES,1. YES,1. YES,6. Stone and cement,,1. Corrugated iron sheet,,1. YES,1. YES,1. YES,1. YES
010210088801507,1. RURAL,1. TIGRAY,02,10,8,88,015,07,2. NO,2. NO,2. NO,1. YES,2. NO,5. Stone and mud,,4. Wood and Mud,,2. NO,2. NO,,2. NO
010211010100302,2. URBAN,1. TIGRAY,02,11,1,1,003,02,1. YES,1. YES,1. YES,1. YES,1. YES,6. Stone and cement,,1. Corrugated iron sheet,,1. YES,2. NO,,1. YES
010212010100510,2. URBAN,1. TIGRAY,02,12,1,1,005,10,2. NO,1. YES,1. YES,1. YES,1. YES,6. Stone and cement,,1. Corrugated iron sheet,,1. YES,1. YES,2. NO,1. YES
010302088800603,1. RURAL,1. TIGRAY,03,02,8,88,006,03,1. YES,1. YES,1. YES,1. YES,1. YES,5. Stone and mud,,4. Wood and Mud,,2. NO,2. NO,,2. NO
010303088802005,1. RURAL,1. TIGRAY,03,03,8,88,020,05,1. YES,1. YES,1. YES,1. YES,1. YES,5. Stone and mud,,4. Wood and Mud,,2. NO,2. NO,,2. NO
010304088801407,1. RURAL,1. TIGRAY,03,04,8,88,014,07,2. NO,1. YES,2. NO,1. YES,1. YES,5. Stone and mud,,4. Wood and Mud,,2. NO,2. NO,,2. NO
010305088801602,1. RURAL,1. TIGRAY,03,05,8,88,016,02,1. YES,1. YES,1. YES,1. YES,1. YES,5. Stone and mud,,4. Wood and Mud,,2. NO,1. YES,1. YES,1. YES
010306010100104,2. URBAN,1. TIGRAY,03,06,1,1,001,04,1. YES,1. YES,1. YES,1. YES,1. YES,4. Stone,,1. Corrugated iron sheet,,2. NO,1. YES,1. YES,1. YES
010306088801803,1. RURAL,1. TIGRAY,03,06,8,88,018,03,2. NO,1. YES,1. YES,1. YES,1. YES,5. Stone and mud,,1. Corrugated iron sheet,,2. NO,1. YES,2. NO,1. YES
010307088801303,1. RURAL,1. TIGRAY,03,07,8,88,013,03,1. YES,1. YES,1. YES,1. YES,1. YES,5. Stone and mud,,1. Corrugated iron sheet,,2. NO,2. NO,,2. NO
010308010100402,2. URBAN,1. TIGRAY,03,08,1,1,004,02,1. YES,1. YES,1. YES,1. YES,1. YES,4. Stone,,1. Corrugated iron sheet,,1. YES,1. YES,1. YES,1. YES
010309010100311,2. URBAN,1. TIGRAY,03,09,1,1,003,11,1. YES,1. YES,1. YES,1. YES,1. YES,6. Stone and cement,,1. Corrugated iron sheet,,2. NO,1. YES,1. YES,1. YES
010401088800209,1. RURAL,1. TIGRAY,04,01,8,88,002,09,2. NO,1. YES,2. NO,1. YES,2. NO,5. Stone and mud,,1. Corrugated iron sheet,,2. NO,1. YES,1. YES,2. NO
010401088801804,1. RURAL,1. TIGRAY,04,01,8,88,018,04,2. NO,2. NO,2. NO,1. YES,2. NO,5. Stone and mud,,1. Corrugated iron sheet,,2. NO,2. NO,,2. NO
010403088800201,1. RURAL,1. TIGRAY,04,03,8,88,002,01,2. NO,1. YES,2. NO,1. YES,2. NO,1. Wood and mud,,1. Corrugated iron sheet,,2. NO,1. YES,1. YES,1. YES
010403088801801,1. RURAL,1. TIGRAY,04,03,8,88,018,01,1. YES,1. YES,1. YES,1. YES,1. YES,1. Wood and mud,,1. Corrugated iron sheet,,2. NO,1. YES,2. NO,1. YES
010405010100123,2. URBAN,1. TIGRAY,04,05,1,1,001,23,1. YES,1. YES,1. YES,1. YES,1. YES,1. Wood and mud,,1. Corrugated iron sheet,,2. NO,2. NO,,2. NO
010405088800102,1. RURAL,1. TIGRAY,04,05,8,88,001,02,2. NO,1. YES,2. NO,1. YES,2. NO,5. Stone and mud,,3. Thatch,,2. NO,1. YES,1. YES,2. NO
010408010100204,2. URBAN,1. TIGRAY,04,08,1,1,002,04,1. YES,1. YES,1. YES,1. YES,1. YES,1. Wood and mud,,1. Corrugated iron sheet,,1. YES,1. YES,1. YES,2. NO
010501088800902,1. RURAL,1. TIGRAY,05,01,8,88,009,02,1. YES,1. YES,1. YES,1. YES,1. YES,1. Wood and mud,,1. Corrugated iron sheet,,2. NO,2. NO,,1. YES
010502020100102,2. URBAN,1. TIGRAY,05,02,2,1,001,02,1. YES,1. YES,1. YES,1. YES,1. YES,6. Stone and cement,,1. Corrugated iron sheet,,1. YES,1. YES,1. YES,1. YES
010502088801410,1. RURAL,1. TIGRAY,05,02,8,88,014,10,2. NO,1. YES,1. YES,1. YES,1. YES,5. Stone and mud,,1. Corrugated iron sheet,,2. NO,2. NO,,2. NO
010503088800803,1. RURAL,1. TIGRAY,05,03,8,88,008,03,2. NO,2. NO,1. YES,1. YES,2. NO,1. Wood and mud,,1. Corrugated iron sheet,,2. NO,2. NO,,2. NO
010601010100215,2. URBAN,1. TIGRAY,06,01,1,1,002,15,1. YES,1. YES,1. YES,1. YES,1. YES,"7. Blocks, plastered with cement",,1. Corrugated iron sheet,,1. YES,2. NO,,1. YES
010602010100216,2. URBAN,1. TIGRAY,06,02,1,1,002,16,1. YES,1. YES,1. YES,1. YES,1. YES,"7. Blocks, plastered with cement",,1. Corrugated iron sheet,,1. YES,2. NO,,2. NO
010604010100137,2. URBAN,1. TIGRAY,06,04,1,1,001,37,1. YES,1. YES,1. YES,1. YES,1. YES,"7. Blocks, plastered with cement",,1. Corrugated iron sheet,,2. NO,2. NO,,2. NO
010605010100313,2. URBAN,1. TIGRAY,06,05,1,1,003,13,1. YES,1. YES,1. YES,1. YES,1. YES,"7. Blocks, plastered with cement",,1. Corrugated iron sheet,,1. YES,1. YES,1. YES,1. YES
010606010100423,2. URBAN,1. TIGRAY,06,06,1,1,004,23,1. YES,1. YES,1. YES,1. YES,1. YES,"7. Blocks, plastered with cement",,1. Corrugated iron sheet,,2. NO,2. NO,,1. YES
010701088802004,1. RURAL,1. TIGRAY,07,01,8,88,020,04,1. YES,1. YES,2. NO,1. YES,2. NO,5. Stone and mud,,1. Corrugated iron sheet,,2. NO,2. NO,,2. NO
010702010100112,2. URBAN,1. TIGRAY,07,02,1,1,001,12,1. YES,1. YES,1. YES,1. YES,1. YES,4. Stone,,1. Corrugated iron sheet,,1. YES,1. YES,2. NO,2. NO
010702088801409,1. RURAL,1. TIGRAY,07,02,8,88,014,09,1. YES,1. YES,1. YES,1. YES,1. YES,5. Stone and mud,,1. Corrugated iron sheet,,2. NO,2. NO,,2. NO
010703088801107,1. RURAL,1. TIGRAY,07,03,8,88,011,07,2. NO,1. YES,2. NO,1. YES,1. YES,5. Stone and mud,,1. Corrugated iron sheet,,1. YES,2. NO,,1. YES
010704088800402,1. RURAL,1. TIGRAY,07,04,8,88,004,02,1. YES,1. YES,1. YES,1. YES,1. YES,5. Stone and mud,,1. Corrugated iron sheet,,2. NO,2. NO,,2. NO
020101010100104,2. URBAN,2. AFAR,01,01,1,1,001,04,1. YES,1. YES,1. YES,1. YES,2. NO,1. Wood and mud,,1. Corrugated iron sheet,,1. YES,1. YES,2. NO,2. NO
020101088800704,1. RURAL,2. AFAR,01,01,8,88,007,04,2. NO,2. NO,2. NO,2. NO,2. NO,1. Wood and mud,,3. Thatch,,2. NO,2. NO,,2. NO
020102010100103,2. URBAN,2. AFAR,01,02,1,1,001,03,2. NO,2. NO,2. NO,1. YES,2. NO,15. Corrugated iron sheet,,1. Corrugated iron sheet,,1. YES,1. YES,2. NO,2. NO
020103088800401,1. RURAL,2. AFAR,01,03,8,88,004,01,2. NO,2. NO,1. YES,1. YES,2. NO,1. Wood and mud,,3. Thatch,,2. NO,2. NO,,2. NO
020103088801102,1. RURAL,2. AFAR,01,03,8,88,011,02,2. NO,2. NO,2. NO,2. NO,2. NO,2. Wood and Thatch,,4. Wood and Mud,,2. NO,2. NO,,2. NO
020106010100102,2. URBAN,2. AFAR,01,06,1,1,001,02,1. YES,1. YES,1. YES,1. YES,2. NO,1. Wood and mud,,1. Corrugated iron sheet,,1. YES,1. YES,2. NO,2. NO
020106088801201,1. RURAL,2. AFAR,01,06,8,88,012,01,2. NO,2. NO,1. YES,1. YES,2. NO,1. Wood and mud,,3. Thatch,,2. NO,2. NO,,2. NO
020108088800804,1. RURAL,2. AFAR,01,08,8,88,008,04,2. NO,2. NO,2. NO,2. NO,2. NO,3. Wood,,6. Plastic Canvas,,1. YES,2. NO,,2. NO
020201088800301,1. RURAL,2. AFAR,02,01,8,88,003,01,2. NO,1. YES,1. YES,1. YES,2. NO,2. Wood and Thatch,,4. Wood and Mud,,2. NO,2. NO,,2. NO
020202020100102,2. URBAN,2. AFAR,02,02,2,1,001,02,1. YES,1. YES,1. YES,1. YES,1. YES,6. Stone and cement,,1. Corrugated iron sheet,,2. NO,2. NO,,2. NO
020202088800202,1. RURAL,2. AFAR,02,02,8,88,002,02,2. NO,2. NO,1. YES,2. NO,1. YES,4. Stone,,6. Plastic Canvas,,2. NO,2. NO,,2. NO
020203010100206,2. URBAN,2. AFAR,02,03,1,1,002,06,1. YES,2. NO,1. YES,1. YES,1. YES,"8. Blocks, unplastered",,1. Corrugated iron sheet,,2. NO,1. YES,2. NO,2. NO
020203088800202,1. RURAL,2. AFAR,02,03,8,88,002,02,2. NO,2. NO,2. NO,1. YES,2. NO,3. Wood,,6. Plastic Canvas,,1. YES,2. NO,,2. NO
020203088800905,1. RURAL,2. AFAR,02,03,8,88,009,05,1. YES,1. YES,1. YES,1. YES,1. YES,3. Wood,,6. Plastic Canvas,,1. YES,2. NO,,2. NO
020205088800207,1. RURAL,2. AFAR,02,05,8,88,002,07,2. NO,1. YES,1. YES,1. YES,1. YES,2. Wood and Thatch,,1. Corrugated iron sheet,,2. NO,1. YES,2. NO,2. NO
020205088800715,1. RURAL,2. AFAR,02,05,8,88,007,15,1. YES,1. YES,1. YES,1. YES,1. YES,6. Stone and cement,,1. Corrugated iron sheet,,2. NO,2. NO,,2. NO
020206088800113,1. RURAL,2. AFAR,02,06,8,88,001,13,1. YES,1. YES,1. YES,1. YES,1. YES,4. Stone,,4. Wood and Mud,,2. NO,1. YES,2. NO,1. YES
020206088800803,1. RURAL,2. AFAR,02,06,8,88,008,03,1. YES,1. YES,1. YES,1. YES,1. YES,3. Wood,,6. Plastic Canvas,,1. YES,1. YES,2. NO,2. NO
020206088801304,1. RURAL,2. AFAR,02,06,8,88,013,04,1. YES,1. YES,1. YES,1. YES,2. NO,4. Stone,,9. Other (Specify),Afer,2. NO,2. NO,,2. NO
020207010100104,2. URBAN,2. AFAR,02,07,1,1,001,04,1. YES,1. YES,1. YES,1. YES,2. NO,15. Corrugated iron sheet,,1. Corrugated iron sheet,,1. YES,1. YES,2. NO,1. YES
020301020100111,2. URBAN,2. AFAR,03,01,2,1,001,11,2. NO,1. YES,1. YES,1. YES,2. NO,1. Wood and mud,,1. Corrugated iron sheet,,2. NO,2. NO,,2. NO
020301088800303,1. RURAL,2. AFAR,03,01,8,88,003,03,2. NO,1. YES,2. NO,1. YES,2. NO,1. Wood and mud,,6. Plastic Canvas,,2. NO,2. NO,,2. NO
020302088800306,1. RURAL,2. AFAR,03,02,8,88,003,06,1. YES,1. YES,1. YES,1. YES,1. YES,4. Stone,,1. Corrugated iron sheet,,2. NO,1. YES,2. NO,2. NO
020303020100103,2. URBAN,2. AFAR,03,03,2,1,001,03,1. YES,2. NO,1. YES,1. YES,1. YES,1. Wood and mud,,1. Corrugated iron sheet,,1. YES,2. NO,,2. NO
020303088800501,1. RURAL,2. AFAR,03,03,8,88,005,01,2. NO,2. NO,2. NO,1. YES,2. NO,2. Wood and Thatch,,3. Thatch,,2. NO,2. NO,,2. NO
020304088800703,1. RURAL,2. AFAR,03,04,8,88,007,03,2. NO,1. YES,2. NO,1. YES,2. NO,3. Wood,,6. Plastic Canvas,,2. NO,2. NO,,2. NO
020305010100306,2. URBAN,2. AFAR,03,05,1,1,003,06,2. NO,1. YES,1. YES,1. YES,2. NO,"7. Blocks, plastered with cement",,1. Corrugated iron sheet,,1. YES,1. YES,1. YES,1. YES
020305010100601,2. URBAN,2. AFAR,03,05,1,1,006,01,1. YES,1. YES,1. YES,1. YES,1. YES,6. Stone and cement,,1. Corrugated iron sheet,,1. YES,1. YES,1. YES,1. YES
020306088800903,1. RURAL,2. AFAR,03,06,8,88,009,03,2. NO,1. YES,2. NO,1. YES,1. YES,1. Wood and mud,,1. Corrugated iron sheet,,2. NO,2. NO,,2. NO
020401088800602,1. RURAL,2. AFAR,04,01,8,88,006,02,2. NO,1. YES,1. YES,1. YES,2. NO,1. Wood and mud,,3. Thatch,,2. NO,2. NO,,2. NO
020403010100102,2. URBAN,2. AFAR,04,03,1,1,001,02,2. NO,1. YES,1. YES,1. YES,1. YES,2. Wood and Thatch,,1. Corrugated iron sheet,,1. YES,1. YES,2. NO,2. NO
020403088800302,1. RURAL,2. AFAR,04,03,8,88,003,02,2. NO,1. YES,1. YES,1. YES,2. NO,2. Wood and Thatch,,3. Thatch,,2. NO,2. NO,,2. NO
020404088800501,1. RURAL,2. AFAR,04,04,8,88,005,01,1. YES,1. YES,1. YES,1. YES,1. YES,1. Wood and mud,,1. Corrugated iron sheet,,1. YES,2. NO,,2. NO
020405088800405,1. RURAL,2. AFAR,04,05,8,88,004,05,2. NO,2. NO,2. NO,2. NO,2. NO,2. Wood and Thatch,,3. Thatch,,1. YES,2. NO,,2. NO
020501088800601,1. RURAL,2. AFAR,05,01,8,88,006,01,1. YES,1. YES,1. YES,1. YES,1. YES,2. Wood and Thatch,,3. Thatch,,1. YES,2. NO,,2. NO
020502088800303,1. RURAL,2. AFAR,05,02,8,88,003,03,2. NO,2. NO,1. YES,1. YES,2. NO,2. Wood and Thatch,,3. Thatch,,2. NO,2. NO,,2. NO
020502088801101,1. RURAL,2. AFAR,05,02,8,88,011,01,2. NO,1. YES,1. YES,1. YES,1. YES,2. Wood and Thatch,,3. Thatch,,2. NO,2. NO,,2. NO
020503010100101,2. URBAN,2. AFAR,05,03,1,1,001,01,1. YES,1. YES,1. YES,1. YES,2. NO,1. Wood and mud,,1. Corrugated iron sheet,,1. YES,1. YES,1. YES,1. YES
020504088800505,1. RURAL,2. AFAR,05,04,8,88,005,05,1. YES,1. YES,1. YES,1. YES,1. YES,2. Wood and Thatch,,3. Thatch,,2. NO,2. NO,,2. NO
020504088801102,1. RURAL,2. AFAR,05,04,8,88,011,02,2. NO,2. NO,1. YES,1. YES,1. YES,2. Wood and Thatch,,3. Thatch,,2. NO,2. NO,,2. NO
020601010100306,2. URBAN,2. AFAR,06,01,1,1,003,06,1. YES,1. YES,1. YES,1. YES,1. YES,1. Wood and mud,,1. Corrugated iron sheet,,1. YES,1. YES,1. YES,1. YES
020601010100330,2. URBAN,2. AFAR,06,01,1,1,003,30,1. YES,1. YES,1. YES,1. YES,1. YES,1. Wood and mud,,1. Corrugated iron sheet,,1. YES,1. YES,1. YES,1. YES
030103088803101,1. RURAL,3. AMHARA,01,03,8,88,031,01,1. YES,1. YES,1. YES,1. YES,1. YES,1. Wood and mud,,3. Thatch,,2. NO,2. NO,,2. NO
030106088801805,1. RURAL,3. AMHARA,01,06,8,88,018,05,2. NO,1. YES,1. YES,1. YES,2. NO,1. Wood and mud,,1. Corrugated iron sheet,,2. NO,2. NO,,2. NO
030202088802410,1. RURAL,3. AMHARA,02,02,8,88,024,10,1. YES,1. YES,1. YES,1. YES,1. YES,1. Wood and mud,,1. Corrugated iron sheet,,1. YES,1. YES,2. NO,1. YES
030206010100105,2. URBAN,3. AMHARA,02,06,1,1,001,05,1. YES,1. YES,1. YES,1. YES,2. NO,1. Wood and mud,,1. Corrugated iron sheet,,2. NO,2. NO,,2. NO
030206088800908,1. RURAL,3. AMHARA,02,06,8,88,009,08,1. YES,1. YES,1. YES,1. YES,1. YES,1. Wood and mud,,1. Corrugated iron sheet,,1. YES,2. NO,,2. NO
030209088803514,1. RURAL,3. AMHARA,02,09,8,88,035,14,1. YES,1. YES,1. YES,1. YES,2. NO,1. Wood and mud,,1. Corrugated iron sheet,,1. YES,2. NO,,2. NO
030214020100104,2. URBAN,3. AMHARA,02,14,2,1,001,04,1. YES,1. YES,1. YES,1. YES,2. NO,1. Wood and mud,,1. Corrugated iron sheet,,1. YES,1. YES,2. NO,2. NO
030303088800803,1. RURAL,3. AMHARA,03,03,8,88,008,03,2. NO,1. YES,2. NO,1. YES,2. NO,1. Wood and mud,,1. Corrugated iron sheet,,2. NO,2. NO,,1. YES
030307088802601,1. RURAL,3. AMHARA,03,07,8,88,026,01,2. NO,1. YES,2. NO,1. YES,2. NO,1. Wood and mud,,3. Thatch,,2. NO,2. NO,,2. NO
030309010100310,2. URBAN,3. AMHARA,03,09,1,1,003,10,1. YES,1. YES,1. YES,1. YES,1. YES,"7. Blocks, plastered with cement",,1. Corrugated iron sheet,,1. YES,1. YES,2. NO,1. YES
030312088800504,1. RURAL,3. AMHARA,03,12,8,88,005,04,1. YES,1. YES,2. NO,1. YES,2. NO,5. Stone and mud,,3. Thatch,,2. NO,1. YES,1. YES,2. NO
030401088801512,1. RURAL,3. AMHARA,04,01,8,88,015,12,1. YES,1. YES,2. NO,1. YES,1. YES,1. Wood and mud,,3. Thatch,,2. NO,1. YES,1. YES,2. NO
030404088801907,1. RURAL,3. AMHARA,04,04,8,88,019,07,1. YES,1. YES,1. YES,1. YES,1. YES,1. Wood and mud,,1. Corrugated iron sheet,,2. NO,1. YES,2. NO,2. NO
030409010100102,2. URBAN,3. AMHARA,04,09,1,1,001,02,1. YES,1. YES,1. YES,1. YES,2. NO,1. Wood and mud,,1. Corrugated iron sheet,,2. NO,1. YES,1. YES,1. YES
030409088800307,1. RURAL,3. AMHARA,04,09,8,88,003,07,1. YES,1. YES,1. YES,1. YES,1. YES,1. Wood and mud,,1. Corrugated iron sheet,,2. NO,1. YES,2. NO,1. YES
030412088800503,1. RURAL,3. AMHARA,04,12,8,88,005,03,1. YES,1. YES,1. YES,1. YES,1. YES,1. Wood and mud,,1. Corrugated iron sheet,,2. NO,1. YES,1. YES,1. YES
030416088801301,1. RURAL,3. AMHARA,04,16,8,88,013,01,2. NO,1. YES,1. YES,1. YES,1. YES,1. Wood and mud,,1. Corrugated iron sheet,,2. NO,1. YES,1. YES,1. YES
030421010100402,2. URBAN,3. AMHARA,04,21,1,1,004,02,1. YES,1. YES,1. YES,1. YES,1. YES,1. Wood and mud,,1. Corrugated iron sheet,,1. YES,1. YES,1. YES,1. YES
030505088800505,1. RURAL,3. AMHARA,05,05,8,88,005,05,2. NO,1. YES,2. NO,1. YES,2. NO,5. Stone and mud,,3. Thatch,,1. YES,1. YES,1. YES,1. YES
030512088800206,1. RURAL,3. AMHARA,05,12,8,88,002,06,2. NO,1. YES,2. NO,1. YES,1. YES,1. Wood and mud,,1. Corrugated iron sheet,,1. YES,2. NO,,1. YES
030519088801304,1. RURAL,3. AMHARA,05,19,8,88,013,04,2. NO,1. YES,2. NO,1. YES,2. NO,5. Stone and mud,,1. Corrugated iron sheet,,1. YES,2. NO,,1. YES
030526010100201,2. URBAN,3. AMHARA,05,26,1,1,002,01,2. NO,1. YES,1. YES,1. YES,1. YES,1. Wood and mud,,1. Corrugated iron sheet,,1. YES,1. YES,1. YES,1. YES
030602088802210,1. RURAL,3. AMHARA,06,02,8,88,022,10,2. NO,1. YES,1. YES,1. YES,2. NO,1. Wood and mud,,1. Corrugated iron sheet,,2. NO,1. YES,1. YES,1. YES
030606088800202,1. RURAL,3. AMHARA,06,06,8,88,002,02,2. NO,2. NO,1. YES,1. YES,1. YES,1. Wood and mud,,1. Corrugated iron sheet,,2. NO,1. YES,1. YES,1. YES
030610010100110,2. URBAN,3. AMHARA,06,10,1,1,001,10,1. YES,1. YES,1. YES,1. YES,1. YES,1. Wood and mud,,1. Corrugated iron sheet,,2. NO,1. YES,1. YES,2. NO
030610088800708,1. RURAL,3. AMHARA,06,10,8,88,007,08,2. NO,2. NO,2. NO,2. NO,1. YES,1. Wood and mud,,1. Corrugated iron sheet,,2. NO,1. YES,2. NO,2. NO
030614088801003,1. RURAL,3. AMHARA,06,14,8,88,010,03,2. NO,1. YES,1. YES,1. YES,1. YES,1. Wood and mud,,1. Corrugated iron sheet,,2. NO,1. YES,1. YES,1. YES
030616010100207,2. URBAN,3. AMHARA,06,16,1,1,002,07,1. YES,1. YES,1. YES,1. YES,1. YES,1. Wood and mud,,1. Corrugated iron sheet,,1. YES,1. YES,1. YES,1. YES
030701088800919,1. RURAL,3. AMHARA,07,01,8,88,009,19,2. NO,1. YES,2. NO,1. YES,2. NO,1. Wood and mud,,1. Corrugated iron sheet,,2. NO,1. YES,2. NO,1. YES
030703088802911,1. RURAL,3. AMHARA,07,03,8,88,029,11,2. NO,2. NO,2. NO,2. NO,1. YES,1. Wood and mud,,1. Corrugated iron sheet,,2. NO,1. YES,1. YES,1. YES
030706010100103,2. URBAN,3. AMHARA,07,06,1,1,001,03,1. YES,2. NO,1. YES,1. YES,1. YES,1. Wood and mud,,1. Corrugated iron sheet,,1. YES,2. NO,,2. NO
030707088800708,1. RURAL,3. AMHARA,07,07,8,88,007,08,2. NO,2. NO,2. NO,2. NO,1. YES,1. Wood and mud,,1. Corrugated iron sheet,,2. NO,2. NO,,2. NO
030710088801809,1. RURAL,3. AMHARA,07,10,8,88,018,09,1. YES,2. NO,1. YES,1. YES,1. YES,1. Wood and mud,,1. Corrugated iron sheet,,2. NO,1. YES,2. NO,1. YES
030714010100520,2. URBAN,3. AMHARA,07,14,1,1,005,20,2. NO,2. NO,1. YES,1. YES,1. YES,1. Wood and mud,,1. Corrugated iron sheet,,1. YES,1. YES,1. YES,1. YES
030803030100101,2. URBAN,3. AMHARA,08,03,3,1,001,01,2. NO,2. NO,2. NO,1. YES,2. NO,5. Stone and mud,,1. Corrugated iron sheet,,2. NO,2. NO,,2. NO
030803088802708,1. RURAL,3. AMHARA,08,03,8,88,027,08,2. NO,2. NO,1. YES,1. YES,2. NO,1. Wood and mud,,3. Thatch,,1. YES,1. YES,1. YES,1. YES
030808088800201,1. RURAL,3. AMHARA,08,08,8,88,002,01,2. NO,2. NO,2. NO,1. YES,1. YES,1. Wood and mud,,3. Thatch,,1. YES,2. NO,,2. NO
030902088800605,1. RURAL,3. AMHARA,09,02,8,88,006,05,2. NO,1. YES,2. NO,2. NO,1. YES,1. Wood and mud,,1. Corrugated iron sheet,,2. NO,1. YES,2. NO,1. YES
030906088802103,1. RURAL,3. AMHARA,09,06,8,88,021,03,2. NO,2. NO,2. NO,1. YES,2. NO,1. Wood and mud,,1. Corrugated iron sheet,,2. NO,1. YES,2. NO,1. YES
030910010100304,2. URBAN,3. AMHARA,09,10,1,1,003,04,1. YES,1. YES,1. YES,1. YES,2. NO,1. Wood and mud,,1. Corrugated iron sheet,,2. NO,2. NO,,2. NO
031002088801007,1. RURAL,3. AMHARA,10,02,8,88,010,07,2. NO,2. NO,2. NO,2. NO,2. NO,1. Wood and mud,,1. Corrugated iron sheet,,1. YES,2. NO,,2. NO
031004088801803,1. RURAL,3. AMHARA,10,04,8,88,018,03,2. NO,1. YES,2. NO,1. YES,2. NO,1. Wood and mud,,3. Thatch,,1. YES,2. NO,,2. NO
031007010100107,2. URBAN,3. AMHARA,10,07,1,1,001,07,1. YES,1. YES,1. YES,1. YES,1. YES,1. Wood and mud,,1. Corrugated iron sheet,,1. YES,1. YES,2. NO,1. YES
031101088800314,1. RURAL,3. AMHARA,11,01,8,88,003,14,2. NO,1. YES,2. NO,1. YES,1. YES,1. Wood and mud,,1. Corrugated iron sheet,,2. NO,1. YES,2. NO,1. YES
031101088800715,1. RURAL,3. AMHARA,11,01,8,88,007,15,2. NO,2. NO,1. YES,1. YES,2. NO,1. Wood and mud,,1. Corrugated iron sheet,,2. NO,1. YES,1. YES,2. NO
031105010500201,2. URBAN,3. AMHARA,11,05,1,5,002,01,1. YES,1. YES,1. YES,1. YES,2. NO,1. Wood and mud,,1. Corrugated iron sheet,,2. NO,1. YES,2. NO,2. NO
031201088800105,1. RURAL,3. AMHARA,12,01,8,88,001,05,1. YES,1. YES,1. YES,1. YES,2. NO,1. Wood and mud,,3. Thatch,,1. YES,1. YES,2. NO,2. NO
031201088800502,1. RURAL,3. AMHARA,12,01,8,88,005,02,2. NO,1. YES,2. NO,1. YES,2. NO,3. Wood,,3. Thatch,,2. NO,2. NO,,2. NO
031301088800101,1. RURAL,3. AMHARA,13,01,8,88,001,01,1. YES,1. YES,1. YES,1. YES,1. YES,1. Wood and mud,,1. Corrugated iron sheet,,2. NO,2. NO,,2. NO
031301088800401,1. RURAL,3. AMHARA,13,01,8,88,004,01,1. YES,1. YES,1. YES,1. YES,1. YES,1. Wood and mud,,1. Corrugated iron sheet,,2. NO,2. NO,,2. NO
031303010300223,2. URBAN,3. AMHARA,13,03,1,3,002,23,2. NO,2. NO,1. YES,1. YES,1. YES,1. Wood and mud,,1. Corrugated iron sheet,,1. YES,1. YES,1. YES,2. NO
031401088800203,1. RURAL,3. AMHARA,14,01,8,88,002,03,2. NO,1. YES,1. YES,1. YES,2. NO,1. Wood and mud,,1. Corrugated iron sheet,,2. NO,2. NO,,2. NO
031401088800709,1. RURAL,3. AMHARA,14,01,8,88,007,09,1. YES,1. YES,1. YES,1. YES,1. YES,1. Wood and mud,,1. Corrugated iron sheet,,1. YES,2. NO,,2. NO
031405010100309,2. URBAN,3. AMHARA,14,05,1,1,003,09,1. YES,1. YES,1. YES,1. YES,1. YES,1. Wood and mud,,1. Corrugated iron sheet,,1. YES,2. NO,,2. NO
031503088800107,1. RURAL,3. AMHARA,15,03,8,88,001,07,2. NO,1. YES,2. NO,1. YES,1. YES,5. Stone and mud,,1. Corrugated iron sheet,,1. YES,2. NO,,2. NO
031506010100103,2. URBAN,3. AMHARA,15,06,1,1,001,03,1. YES,1. YES,1. YES,1. YES,1. YES,1. Wood and mud,,1. Corrugated iron sheet,,1. YES,1. YES,1. YES,1. YES
031506088800509,1. RURAL,3. AMHARA,15,06,8,88,005,09,2. NO,1. YES,2. NO,1. YES,2. NO,1. Wood and mud,,1. Corrugated iron sheet,,1. YES,2. NO,,2. NO
031511088801109,1. RURAL,3. AMHARA,15,11,8,88,011,09,2. NO,1. YES,2. NO,1. YES,1. YES,1. Wood and mud,,1. Corrugated iron sheet,,1. YES,2. NO,,2. NO
031603088801008,1. RURAL,3. AMHARA,16,03,8,88,010,08,2. NO,1. YES,2. NO,1. YES,1. YES,1. Wood and mud,,3. Thatch,,2. NO,1. YES,2. NO,1. YES
031604088800605,1. RURAL,3. AMHARA,16,04,8,88,006,05,1. YES,1. YES,1. YES,1. YES,1. YES,1. Wood and mud,,3. Thatch,,2. NO,1. YES,2. NO,1. YES
031605010100105,2. URBAN,3. AMHARA,16,05,1,1,001,05,1. YES,1. YES,1. YES,1. YES,1. YES,2. Wood and Thatch,,1. Corrugated iron sheet,,1. YES,1. YES,1. YES,1. YES
040116010100105,2. URBAN,4. OROMIA,01,16,1,1,001,05,1. YES,1. YES,2. NO,1. YES,2. NO,1. Wood and mud,,1. Corrugated iron sheet,,1. YES,2. NO,,2. NO
040203088800403,1. RURAL,4. OROMIA,02,03,8,88,004,03,1. YES,1. YES,1. YES,1. YES,2. NO,1. Wood and mud,,1. Corrugated iron sheet,,2. NO,2. NO,,1. YES
040212088800506,1. RURAL,4. OROMIA,02,12,8,88,005,06,1. YES,1. YES,1. YES,1. YES,2. NO,1. Wood and mud,,1. Corrugated iron sheet,,2. NO,2. NO,,2. NO
040302010100105,2. URBAN,4. OROMIA,03,02,1,1,001,05,1. YES,1. YES,2. NO,1. YES,1. YES,1. Wood and mud,,1. Corrugated iron sheet,,1. YES,1. YES,2. NO,2. NO
040302088801201,1. RURAL,4. OROMIA,03,02,8,88,012,01,1. YES,1. YES,1. YES,1. YES,1. YES,1. Wood and mud,,1. Corrugated iron sheet,,2. NO,2. NO,,2. NO
040310088800903,1. RURAL,4. OROMIA,03,10,8,88,009,03,1. YES,1. YES,1. YES,1. YES,1. YES,1. Wood and mud,,1. Corrugated iron sheet,,2. NO,2. NO,,2. NO
040403088803808,1. RURAL,4. OROMIA,04,03,8,88,038,08,2. NO,2. NO,1. YES,1. YES,2. NO,1. Wood and mud,,3. Thatch,,2. NO,2. NO,,1. YES
040409088801903,1. RURAL,4. OROMIA,04,09,8,88,019,03,1. YES,1. YES,1. YES,1. YES,1. YES,1. Wood and mud,,1. Corrugated iron sheet,,2. NO,1. YES,1. YES,2. NO
040416088800808,1. RURAL,4. OROMIA,04,16,8,88,008,08,2. NO,2. NO,1. YES,1. YES,1. YES,1. Wood and mud,,1. Corrugated iron sheet,,1. YES,2. NO,,2. NO
040417010100207,2. URBAN,4. OROMIA,04,17,1,1,002,07,1. YES,1. YES,1. YES,1. YES,1. YES,"7. Blocks, plastered with cement",,1. Corrugated iron sheet,,1. YES,1. YES,2. NO,2. NO
040502088800607,1. RURAL,4. OROMIA,05,02,8,88,006,07,2. NO,2. NO,2. NO,1. YES,2. NO,1. Wood and mud,,1. Corrugated iron sheet,,1. YES,2. NO,,2. NO
040511088800604,1. RURAL,4. OROMIA,05,11,8,88,006,04,2. NO,1. YES,2. NO,2. NO,1. YES,1. Wood and mud,,1. Corrugated iron sheet,,2. NO,2. NO,,2. NO
040521020100101,2. URBAN,4. OROMIA,05,21,2,1,001,01,2. NO,2. NO,1. YES,1. YES,2. NO,1. Wood and mud,,1. Corrugated iron sheet,,1. YES,1. YES,2. NO,1. YES
040601088802404,1. RURAL,4. OROMIA,06,01,8,88,024,04,2. NO,2. NO,2. NO,1. YES,2. NO,1. Wood and mud,,3. Thatch,,1. YES,2. NO,,2. NO
040606088801505,1. RURAL,4. OROMIA,06,06,8,88,015,05,2. NO,1. YES,1. YES,1. YES,1. YES,1. Wood and mud,,1. Corrugated iron sheet,,1. YES,1. YES,1. YES,1. YES
040702030100113,2. URBAN,4. OROMIA,07,02,3,1,001,13,1. YES,1. YES,1. YES,1. YES,2. NO,1. Wood and mud,,1. Corrugated iron sheet,,2. NO,2. NO,,2. NO
040807010100204,2. URBAN,4. OROMIA,08,07,1,1,002,04,2. NO,1. YES,1. YES,1. YES,1. YES,1. Wood and mud,,1. Corrugated iron sheet,,1. YES,2. NO,,2. NO
040903010100103,2. URBAN,4. OROMIA,09,03,1,1,001,03,1. YES,1. YES,1. YES,1. YES,2. NO,1. Wood and mud,,1. Corrugated iron sheet,,2. NO,2. NO,,2. NO
040903088802905,1. RURAL,4. OROMIA,09,03,8,88,029,05,2. NO,2. NO,2. NO,1. YES,1. YES,1. Wood and mud,,1. Corrugated iron sheet,,2. NO,2. NO,,2. NO
040909088802804,1. RURAL,4. OROMIA,09,09,8,88,028,04,2. NO,1. YES,2. NO,1. YES,1. YES,1. Wood and mud,,1. Corrugated iron sheet,,2. NO,2. NO,,2. NO
040913088802102,1. RURAL,4. OROMIA,09,13,8,88,021,02,2. NO,1. YES,2. NO,1. YES,2. NO,1. Wood and mud,,1. Corrugated iron sheet,,2. NO,2. NO,,2. NO
041001088801403,1. RURAL,4. OROMIA,10,01,8,88,014,03,2. NO,2. NO,2. NO,1. YES,2. NO,1. Wood and mud,,1. Corrugated iron sheet,,2. NO,2. NO,,2. NO
041008088801110,1. RURAL,4. OROMIA,10,08,8,88,011,10,1. YES,1. YES,1. YES,1. YES,2. NO,1. Wood and mud,,1. Corrugated iron sheet,,2. NO,2. NO,,1. YES
041009010100207,2. URBAN,4. OROMIA,10,09,1,1,002,07,1. YES,1. YES,1. YES,1. YES,2. NO,1. Wood and mud,,5. Bambo/Reed,,2. NO,2. NO,,2. NO
041013088801410,1. RURAL,4. OROMIA,10,13,8,88,014,10,2. NO,2. NO,2. NO,1. YES,1. YES,1. Wood and mud,,1. Corrugated iron sheet,,2. NO,2. NO,,2. NO
041109088800302,1. RURAL,4. OROMIA,11,09,8,88,003,02,1. YES,1. YES,1. YES,1. YES,1. YES,1. Wood and mud,,1. Corrugated iron sheet,,2. NO,1. YES,1. YES,2. NO
041112010100108,2. URBAN,4. OROMIA,11,12,1,1,001,08,1. YES,1. YES,1. YES,1. YES,1. YES,1. Wood and mud,,1. Corrugated iron sheet,,1. YES,1. YES,1. YES,1. YES
041117088800104,1. RURAL,4. OROMIA,11,17,8,88,001,04,1. YES,1. YES,1. YES,1. YES,1. YES,1. Wood and mud,,1. Corrugated iron sheet,,2. NO,2. NO,,2. NO
041207088800703,1. RURAL,4. OROMIA,12,07,8,88,007,03,1. YES,2. NO,1. YES,1. YES,1. YES,1. Wood and mud,,4. Wood and Mud,,1. YES,2. NO,,2. NO
041212088800904,1. RURAL,4. OROMIA,12,12,8,88,009,04,1. YES,2. NO,1. YES,1. YES,1. YES,2. Wood and Thatch,,3. Thatch,,2. NO,2. NO,,2. NO
041303088803505,1. RURAL,4. OROMIA,13,03,8,88,035,05,1. YES,1. YES,1. YES,1. YES,1. YES,1. Wood and mud,,3. Thatch,,2. NO,2. NO,,2. NO
041310088801505,1. RURAL,4. OROMIA,13,10,8,88,015,05,1. YES,1. YES,1. YES,1. YES,1. YES,1. Wood and mud,,3. Thatch,,1. YES,2. NO,,2. NO
041401088802208,1. RURAL,4. OROMIA,14,01,8,88,022,08,2. NO,2. NO,2. NO,1. YES,2. NO,1. Wood and mud,,3. Thatch,,2. NO,2. NO,,2. NO
041402010100102,2. URBAN,4. OROMIA,14,02,1,1,001,02,2. NO,2. NO,1. YES,1. YES,2. NO,1. Wood and mud,,1. Corrugated iron sheet,,1. YES,2. NO,,2. NO
041407088800512,1. RURAL,4. OROMIA,14,07,8,88,005,12,2. NO,1. YES,2. NO,1. YES,1. YES,2. Wood and Thatch,,3. Thatch,,2. NO,2. NO,,2. NO
041502088800405,1. RURAL,4. OROMIA,15,02,8,88,004,05,2. NO,2. NO,1. YES,1. YES,2. NO,1. Wood and mud,,1. Corrugated iron sheet,,2. NO,2. NO,,2. NO
041506088800605,1. RURAL,4. OROMIA,15,06,8,88,006,05,2. NO,2. NO,2. NO,2. NO,1. YES,2. Wood and Thatch,,3. Thatch,,2. NO,2. NO,,2. NO
041602020100103,2. URBAN,4. OROMIA,16,02,2,1,001,03,1. YES,1. YES,1. YES,1. YES,2. NO,1. Wood and mud,,1. Corrugated iron sheet,,2. NO,1. YES,2. NO,1. YES
041602088800902,1. RURAL,4. OROMIA,16,02,8,88,009,02,2. NO,1. YES,2. NO,1. YES,1. YES,1. Wood and mud,,1. Corrugated iron sheet,,1. YES,2. NO,,1. YES
041606088800702,1. RURAL,4. OROMIA,16,06,8,88,007,02,1. YES,1. YES,1. YES,1. YES,1. YES,1. Wood and mud,,3. Thatch,,1. YES,2. NO,,2. NO
041701088800105,1. RURAL,4. OROMIA,17,01,8,88,001,05,2. NO,1. YES,1. YES,1. YES,2. NO,1. Wood and mud,,1. Corrugated iron sheet,,2. NO,1. YES,1. YES,1. YES
041704088803702,1. RURAL,4. OROMIA,17,04,8,88,037,02,2. NO,1. YES,1. YES,1. YES,2. NO,1. Wood and mud,,1. Corrugated iron sheet,,2. NO,1. YES,1. YES,1. YES
041709088800509,1. RURAL,4. OROMIA,17,09,8,88,005,09,2. NO,1. YES,1. YES,1. YES,2. NO,1. Wood and mud,,1. Corrugated iron sheet,,2. NO,1. YES,1. YES,1. YES
041801088800702,1. RURAL,4. OROMIA,18,01,8,88,007,02,1. YES,2. NO,1. YES,1. YES,2. NO,1. Wood and mud,,6. Plastic Canvas,,2. NO,2. NO,,1. YES
041803010100206,2. URBAN,4. OROMIA,18,03,1,1,002,06,2. NO,2. NO,2. NO,1. YES,2. NO,1. Wood and mud,,1. Corrugated iron sheet,,1. YES,2. NO,,2. NO
041805088802106,1. RURAL,4. OROMIA,18,05,8,88,021,06,1. YES,1. YES,1. YES,1. YES,1. YES,1. Wood and mud,,1. Corrugated iron sheet,,,2. NO,,1. YES
041907088801302,1. RURAL,4. OROMIA,19,07,8,88,013,02,1. YES,1. YES,1. YES,1. YES,1. YES,1. Wood and mud,,1. Corrugated iron sheet,,2. NO,2. NO,,2. NO
041911088801308,1. RURAL,4. OROMIA,19,11,8,88,013,08,1. YES,2. NO,1. YES,1. YES,1. YES,1. Wood and mud,,1. Corrugated iron sheet,,2. NO,2. NO,,2. NO
042002088802503,1. RURAL,4. OROMIA,20,02,8,88,025,03,1. YES,1. YES,1. YES,1. YES,1. YES,1. Wood and mud,,1. Corrugated iron sheet,,2. NO,1. YES,2. NO,2. NO
042007088801902,1. RURAL,4. OROMIA,20,07,8,88,019,02,2. NO,2. NO,1. YES,1. YES,1. YES,1. Wood and mud,,1. Corrugated iron sheet,,1. YES,1. YES,2. NO,2. NO
042101010101005,2. URBAN,4. OROMIA,21,01,1,1,010,05,1. YES,1. YES,1. YES,1. YES,2. NO,18. Other (Specify),Enchti ena Dinigaye,1. Corrugated iron sheet,,2. NO,1. YES,1. YES,1. YES
042101010501435,2. URBAN,4. OROMIA,21,01,1,5,014,35,1. YES,1. YES,1. YES,1. YES,1. YES,1. Wood and mud,,1. Corrugated iron sheet,,2. NO,1. YES,1. YES,1. YES
042323010101103,2. URBAN,4. OROMIA,23,23,1,1,011,03,1. YES,1. YES,1. YES,1. YES,1. YES,1. Wood and mud,,1. Corrugated iron sheet,,2. NO,1. YES,1. YES,1. YES
042424010100685,2. URBAN,4. OROMIA,24,24,1,1,006,85,1. YES,1. YES,1. YES,1. YES,2. NO,1. Wood and mud,,1. Corrugated iron sheet,,2. NO,1. YES,1. YES,1. YES
042828010100624,2. URBAN,4. OROMIA,28,28,1,1,006,24,1. YES,1. YES,2. NO,1. YES,2. NO,1. Wood and mud,,1. Corrugated iron sheet,,1. YES,2. NO,,2. NO
043030010100345,2. URBAN,4. OROMIA,30,30,1,1,003,45,1. YES,1. YES,1. YES,1. YES,1. YES,1. Wood and mud,,1. Corrugated iron sheet,,2. NO,1. YES,1. YES,1. YES
043131010100723,2. URBAN,4. OROMIA,31,31,1,1,007,23,2. NO,2. NO,1. YES,1. YES,2. NO,1. Wood and mud,,1. Corrugated iron sheet,,1. YES,1. YES,1. YES,1. YES
043535010100252,2. URBAN,4. OROMIA,35,35,1,1,002,52,1. YES,1. YES,1. YES,1. YES,2. NO,1. Wood and mud,,1. Corrugated iron sheet,,1. YES,2. NO,,2. NO
050102010100102,2. URBAN,5. SOMALI,01,02,1,1,001,02,1. YES,1. YES,1. YES,1. YES,1. YES,1. Wood and mud,,4. Wood and Mud,,1. YES,2. NO,,2. NO
050103088801103,1. RURAL,5. SOMALI,01,03,8,88,011,03,1. YES,1. YES,1. YES,1. YES,2. NO,2. Wood and Thatch,,6. Plastic Canvas,,2. NO,2. NO,,2. NO
050109088800301,1. RURAL,5. SOMALI,01,09,8,88,003,01,2. NO,2. NO,2. NO,1. YES,1. YES,1. Wood and mud,,4. Wood and Mud,,2. NO,2. NO,,2. NO
050202088801303,1. RURAL,5. SOMALI,02,02,8,88,013,03,2. NO,1. YES,1. YES,1. YES,1. YES,1. Wood and mud,,6. Plastic Canvas,,2. NO,1. YES,2. NO,2. NO
050205030100101,2. URBAN,5. SOMALI,02,05,3,1,001,01,1. YES,1. YES,1. YES,1. YES,1. YES,1. Wood and mud,,1. Corrugated iron sheet,,2. NO,1. YES,2. NO,2. NO
050205088802405,1. RURAL,5. SOMALI,02,05,8,88,024,05,1. YES,1. YES,1. YES,1. YES,1. YES,1. Wood and mud,,1. Corrugated iron sheet,,2. NO,2. NO,,2. NO
050206088801407,1. RURAL,5. SOMALI,02,06,8,88,014,07,2. NO,1. YES,1. YES,1. YES,2. NO,2. Wood and Thatch,,6. Plastic Canvas,,2. NO,2. NO,,2. NO
050207088800806,1. RURAL,5. SOMALI,02,07,8,88,008,06,2. NO,1. YES,1. YES,1. YES,1. YES,2. Wood and Thatch,,6. Plastic Canvas,,2. NO,2. NO,,2. NO
050212010100806,2. URBAN,5. SOMALI,02,12,1,1,008,06,1. YES,1. YES,1. YES,1. YES,1. YES,1. Wood and mud,,1. Corrugated iron sheet,,2. NO,2. NO,,2. NO
050212010101601,2. URBAN,5. SOMALI,02,12,1,1,016,01,1. YES,1. YES,1. YES,1. YES,1. YES,1. Wood and mud,,1. Corrugated iron sheet,,2. NO,2. NO,,2. NO
050212010101923,2. URBAN,5. SOMALI,02,12,1,1,019,23,1. YES,1. YES,1. YES,1. YES,1. YES,1. Wood and mud,,1. Corrugated iron sheet,,2. NO,1. YES,2. NO,2. NO
050212010102805,2. URBAN,5. SOMALI,02,12,1,1,028,05,1. YES,1. YES,1. YES,1. YES,1. YES,1. Wood and mud,,1. Corrugated iron sheet,,2. NO,2. NO,,2. NO
050213088801502,1. RURAL,5. SOMALI,02,13,8,88,015,02,2. NO,2. NO,1. YES,1. YES,1. YES,1. Wood and mud,,6. Plastic Canvas,,2. NO,2. NO,,2. NO
050301088800706,2. URBAN,5. SOMALI,03,01,8,88,007,06,1. YES,1. YES,1. YES,1. YES,1. YES,2. Wood and Thatch,,3. Thatch,,2. NO,2. NO,,2. NO
050303088800907,2. URBAN,5. SOMALI,03,03,8,88,009,07,1. YES,1. YES,1. YES,1. YES,1. YES,1. Wood and mud,,1. Corrugated iron sheet,,2. NO,2. NO,,2. NO
050304088801205,2. URBAN,5. SOMALI,03,04,8,88,012,05,2. NO,2. NO,1. YES,1. YES,1. YES,1. Wood and mud,,1. Corrugated iron sheet,,2. NO,1. YES,2. NO,2. NO
050309088800903,2. URBAN,5. SOMALI,03,09,8,88,009,03,1. YES,1. YES,1. YES,1. YES,1. YES,2. Wood and Thatch,,3. Thatch,,2. NO,2. NO,,2. NO
050310010100201,2. URBAN,5. SOMALI,03,10,1,1,002,01,1. YES,1. YES,1. YES,1. YES,2. NO,"7. Blocks, plastered with cement",,1. Corrugated iron sheet,,1. YES,2. NO,,2. NO
050312010101002,2. URBAN,5. SOMALI,03,12,1,1,010,02,2. NO,1. YES,1. YES,1. YES,1. YES,1. Wood and mud,,1. Corrugated iron sheet,,2. NO,2. NO,,2. NO
050405088800906,2. URBAN,5. SOMALI,04,05,8,88,009,06,1. YES,1. YES,1. YES,1. YES,1. YES,18. Other (Specify),korkoro ena enchet,9. Other (Specify),enchet ena cherk,2. NO,2. NO,,2. NO
050405088801501,2. URBAN,5. SOMALI,04,05,8,88,015,01,1. YES,1. YES,1. YES,1. YES,1. YES,18. Other (Specify),korkoro ena enchet,9. Other (Specify),enchet ena cherk,2. NO,2. NO,,2. NO
050407010100404,2. URBAN,5. SOMALI,04,07,1,1,004,04,2. NO,2. NO,1. YES,1. YES,2. NO,1. Wood and mud,,6. Plastic Canvas,,1. YES,2. NO,,2. NO
050408088800501,2. URBAN,5. SOMALI,04,08,8,88,005,01,2. NO,1. YES,2. NO,1. YES,2. NO,18. Other (Specify),enchet ena kokoro,9. Other (Specify),enchetena cherke,2. NO,2. NO,,2. NO
050502088800603,2. URBAN,5. SOMALI,05,02,8,88,006,03,1. YES,1. YES,1. YES,1. YES,1. YES,2. Wood and Thatch,,3. Thatch,,2. NO,2. NO,,2. NO
050506088800603,2. URBAN,5. SOMALI,05,06,8,88,006,03,2. NO,2. NO,1. YES,1. YES,1. YES,1. Wood and mud,,1. Corrugated iron sheet,,2. NO,2. NO,,2. NO
050511010100602,2. URBAN,5. SOMALI,05,11,1,1,006,02,1. YES,1. YES,1. YES,1. YES,1. YES,"7. Blocks, plastered with cement",,1. Corrugated iron sheet,,1. YES,2. NO,,2. NO
050602088800702,2. URBAN,5. SOMALI,06,02,8,88,007,02,1. YES,1. YES,1. YES,1. YES,1. YES,1. Wood and mud,,3. Thatch,,2. NO,2. NO,,2. NO
050604088800604,2. URBAN,5. SOMALI,06,04,8,88,006,04,2. NO,2. NO,2. NO,1. YES,2. NO,1. Wood and mud,,1. Corrugated iron sheet,,2. NO,2. NO,,2. NO
050605020100107,2. URBAN,5. SOMALI,06,05,2,1,001,07,2. NO,1. YES,1. YES,1. YES,2. NO,1. Wood and mud,,3. Thatch,,2. NO,2. NO,,2. NO
050606088800801,2. URBAN,5. SOMALI,06,06,8,88,008,01,2. NO,1. YES,2. NO,1. YES,2. NO,1. Wood and mud,,3. Thatch,,2. NO,2. NO,,2. NO
050610088800304,2. URBAN,5. SOMALI,06,10,8,88,003,04,1. YES,1. YES,1. YES,1. YES,1. YES,2. Wood and Thatch,,3. Thatch,,2. NO,2. NO,,2. NO
050611010100206,2. URBAN,5. SOMALI,06,11,1,1,002,06,1. YES,1. YES,1. YES,1. YES,1. YES,1. Wood and mud,,1. Corrugated iron sheet,,2. NO,2. NO,,2. NO
050611010101009,2. URBAN,5. SOMALI,06,11,1,1,010,09,1. YES,1. YES,1. YES,1. YES,1. YES,1. Wood and mud,,1. Corrugated iron sheet,,1. YES,2. NO,,2. NO
050701088801207,2. URBAN,5. SOMALI,07,01,8,88,012,07,2. NO,2. NO,1. YES,1. YES,1. YES,1. Wood and mud,,6. Plastic Canvas,,2. NO,2. NO,,2. NO
050703088800901,2. URBAN,5. SOMALI,07,03,8,88,009,01,2. NO,2. NO,1. YES,1. YES,1. YES,1. Wood and mud,,3. Thatch,,2. NO,2. NO,,2. NO
050704088801101,2. URBAN,5. SOMALI,07,04,8,88,011,01,1. YES,1. YES,1. YES,1. YES,1. YES,1. Wood and mud,,4. Wood and Mud,,2. NO,2. NO,,2. NO
050706010100201,2. URBAN,5. SOMALI,07,06,1,1,002,01,1. YES,1. YES,1. YES,1. YES,2. NO,1. Wood and mud,,1. Corrugated iron sheet,,1. YES,2. NO,,2. NO
050707088800603,2. URBAN,5. SOMALI,07,07,8,88,006,03,2. NO,2. NO,1. YES,1. YES,1. YES,1. Wood and mud,,6. Plastic Canvas,,2. NO,2. NO,,2. NO
050801010100308,2. URBAN,5. SOMALI,08,01,1,1,003,08,2. NO,1. YES,1. YES,1. YES,1. YES,6. Stone and cement,,1. Corrugated iron sheet,,2. NO,2. NO,,2. NO
050802088801803,2. URBAN,5. SOMALI,08,02,8,88,018,03,2. NO,2. NO,1. YES,1. YES,2. NO,1. Wood and mud,,6. Plastic Canvas,,2. NO,2. NO,,2. NO
050805088800704,2. URBAN,5. SOMALI,08,05,8,88,007,04,2. NO,2. NO,1. YES,1. YES,1. YES,1. Wood and mud,,3. Thatch,,2. NO,2. NO,,2. NO
050807088800305,2. URBAN,5. SOMALI,08,07,8,88,003,05,2. NO,2. NO,1. YES,1. YES,2. NO,2. Wood and Thatch,,6. Plastic Canvas,,2. NO,1. YES,2. NO,2. NO
050808088801601,2. URBAN,5. SOMALI,08,08,8,88,016,01,2. NO,2. NO,1. YES,1. YES,2. NO,1. Wood and mud,,3. Thatch,,2. NO,1. YES,2. NO,2. NO
050901010100102,2. URBAN,5. SOMALI,09,01,1,1,001,02,2. NO,1. YES,1. YES,1. YES,1. YES,1. Wood and mud,,1. Corrugated iron sheet,,1. YES,1. YES,2. NO,1. YES
050902088801202,1. RURAL,5. SOMALI,09,02,8,88,012,02,1. YES,1. YES,1. YES,1. YES,1. YES,2. Wood and Thatch,,3. Thatch,,1. YES,1. YES,2. NO,1. YES
050905088800202,1. RURAL,5. SOMALI,09,05,8,88,002,02,1. YES,1. YES,1. YES,1. YES,1. YES,2. Wood and Thatch,,3. Thatch,,1. YES,1. YES,1. YES,2. NO
050906010100116,2. URBAN,5. SOMALI,09,06,1,1,001,16,2. NO,2. NO,1. YES,1. YES,1. YES,1. Wood and mud,,1. Corrugated iron sheet,,1. YES,2. NO,,2. NO
050907088800903,1. RURAL,5. SOMALI,09,07,8,88,009,03,2. NO,1. YES,2. NO,2. NO,1. YES,1. Wood and mud,,4. Wood and Mud,,1. YES,1. YES,1. YES,2. NO
051003088800201,2. URBAN,5. SOMALI,10,03,8,88,002,01,2. NO,1. YES,2. NO,1. YES,2. NO,18. Other (Specify),enchetena korkoro,9. Other (Specify),cherk ena enchet,2. NO,2. NO,,2. NO
051004088801303,2. URBAN,5. SOMALI,10,04,8,88,013,03,1. YES,1. YES,1. YES,1. YES,1. YES,1. Wood and mud,,3. Thatch,,2. NO,2. NO,,2. NO
051101088801203,2. URBAN,5. SOMALI,11,01,8,88,012,03,1. YES,1. YES,1. YES,1. YES,1. YES,2. Wood and Thatch,,6. Plastic Canvas,,2. NO,2. NO,,2. NO
060101088800403,1. RURAL,6. BENISHANGUL GUMUZ,01,01,8,88,004,03,1. YES,1. YES,2. NO,1. YES,1. YES,1. Wood and mud,,3. Thatch,,2. NO,2. NO,,2. NO
060103088801802,1. RURAL,6. BENISHANGUL GUMUZ,01,03,8,88,018,02,1. YES,1. YES,2. NO,1. YES,1. YES,1. Wood and mud,,3. Thatch,,2. NO,2. NO,,2. NO
060103088804602,1. RURAL,6. BENISHANGUL GUMUZ,01,03,8,88,046,02,1. YES,1. YES,1. YES,1. YES,1. YES,1. Wood and mud,,1. Corrugated iron sheet,,2. NO,2. NO,,2. NO
060103088806701,1. RURAL,6. BENISHANGUL GUMUZ,01,03,8,88,067,01,1. YES,1. YES,1. YES,1. YES,1. YES,1. Wood and mud,,3. Thatch,,2. NO,2. NO,,2. NO
060104010100103,2. URBAN,6. BENISHANGUL GUMUZ,01,04,1,1,001,03,2. NO,2. NO,2. NO,1. YES,1. YES,1. Wood and mud,,3. Thatch,,2. NO,2. NO,,2. NO
060104088800802,1. RURAL,6. BENISHANGUL GUMUZ,01,04,8,88,008,02,2. NO,2. NO,2. NO,1. YES,1. YES,1. Wood and mud,,3. Thatch,,2. NO,1. YES,2. NO,2. NO
060105088801701,1. RURAL,6. BENISHANGUL GUMUZ,01,05,8,88,017,01,1. YES,1. YES,1. YES,1. YES,1. YES,1. Wood and mud,,3. Thatch,,2. NO,2. NO,,1. YES
060105088803201,1. RURAL,6. BENISHANGUL GUMUZ,01,05,8,88,032,01,1. YES,1. YES,1. YES,1. YES,1. YES,1. Wood and mud,,3. Thatch,,1. YES,2. NO,,2. NO
060107088800402,1. RURAL,6. BENISHANGUL GUMUZ,01,07,8,88,004,02,2. NO,2. NO,2. NO,1. YES,1. YES,1. Wood and mud,,3. Thatch,,2. NO,2. NO,,2. NO
060108010100106,2. URBAN,6. BENISHANGUL GUMUZ,01,08,1,1,001,06,1. YES,1. YES,1. YES,1. YES,1. YES,1. Wood and mud,,1. Corrugated iron sheet,,2. NO,2. NO,,2. NO
060108010100205,2. URBAN,6. BENISHANGUL GUMUZ,01,08,1,1,002,05,2. NO,2. NO,1. YES,1. YES,1. YES,1. Wood and mud,,1. Corrugated iron sheet,,1. YES,2. NO,,1. YES
060108010100319,2. URBAN,6. BENISHANGUL GUMUZ,01,08,1,1,003,19,1. YES,1. YES,1. YES,1. YES,1. YES,1. Wood and mud,,1. Corrugated iron sheet,,1. YES,2. NO,,2. NO
060108010100415,2. URBAN,6. BENISHANGUL GUMUZ,01,08,1,1,004,15,1. YES,1. YES,1. YES,1. YES,1. YES,1. Wood and mud,,1. Corrugated iron sheet,,1. YES,1. YES,2. NO,2. NO
060201010100103,2. URBAN,6. BENISHANGUL GUMUZ,02,01,1,1,001,03,1. YES,1. YES,1. YES,1. YES,1. YES,1. Wood and mud,,1. Corrugated iron sheet,,1. YES,1. YES,1. YES,1. YES
060201088801903,1. RURAL,6. BENISHANGUL GUMUZ,02,01,8,88,019,03,1. YES,1. YES,1. YES,1. YES,1. YES,1. Wood and mud,,1. Corrugated iron sheet,,1. YES,1. YES,1. YES,2. NO
060203010100106,2. URBAN,6. BENISHANGUL GUMUZ,02,03,1,1,001,06,1. YES,1. YES,1. YES,1. YES,1. YES,1. Wood and mud,,1. Corrugated iron sheet,,1. YES,1. YES,1. YES,1. YES
060203088800704,1. RURAL,6. BENISHANGUL GUMUZ,02,03,8,88,007,04,2. NO,1. YES,2. NO,1. YES,1. YES,1. Wood and mud,,3. Thatch,,2. NO,1. YES,1. YES,2. NO
060203088802004,1. RURAL,6. BENISHANGUL GUMUZ,02,03,8,88,020,04,1. YES,1. YES,1. YES,1. YES,1. YES,1. Wood and mud,,1. Corrugated iron sheet,,1. YES,1. YES,1. YES,2. NO
060204020100105,2. URBAN,6. BENISHANGUL GUMUZ,02,04,2,1,001,05,2. NO,2. NO,2. NO,1. YES,2. NO,1. Wood and mud,,1. Corrugated iron sheet,,2. NO,1. YES,1. YES,2. NO
060205040100108,2. URBAN,6. BENISHANGUL GUMUZ,02,05,4,1,001,08,1. YES,1. YES,1. YES,1. YES,1. YES,1. Wood and mud,,1. Corrugated iron sheet,,2. NO,1. YES,1. YES,1. YES
060205088801701,1. RURAL,6. BENISHANGUL GUMUZ,02,05,8,88,017,01,1. YES,1. YES,1. YES,1. YES,1. YES,1. Wood and mud,,3. Thatch,,2. NO,2. NO,,1. YES
060206020100103,2. URBAN,6. BENISHANGUL GUMUZ,02,06,2,1,001,03,2. NO,2. NO,2. NO,1. YES,2. NO,1. Wood and mud,,1. Corrugated iron sheet,,1. YES,1. YES,2. NO,2. NO
060206088800203,1. RURAL,6. BENISHANGUL GUMUZ,02,06,8,88,002,03,2. NO,2. NO,2. NO,1. YES,1. YES,1. Wood and mud,,3. Thatch,,2. NO,1. YES,1. YES,1. YES
060206088800904,1. RURAL,6. BENISHANGUL GUMUZ,02,06,8,88,009,04,1. YES,1. YES,1. YES,1. YES,1. YES,1. Wood and mud,,1. Corrugated iron sheet,,2. NO,1. YES,1. YES,1. YES
060207030100102,2. URBAN,6. BENISHANGUL GUMUZ,02,07,3,1,001,02,2. NO,1. YES,2. NO,1. YES,2. NO,1. Wood and mud,,1. Corrugated iron sheet,,2. NO,2. NO,,2. NO
060207088801401,1. RURAL,6. BENISHANGUL GUMUZ,02,07,8,88,014,01,1. YES,1. YES,1. YES,1. YES,1. YES,1. Wood and mud,,1. Corrugated iron sheet,,2. NO,2. NO,,2. NO
060302010100105,2. URBAN,6. BENISHANGUL GUMUZ,03,02,1,1,001,05,2. NO,2. NO,2. NO,1. YES,2. NO,1. Wood and mud,,1. Corrugated iron sheet,,1. YES,1. YES,1. YES,1. YES
060305010100106,2. URBAN,6. BENISHANGUL GUMUZ,03,05,1,1,001,06,1. YES,1. YES,2. NO,1. YES,1. YES,1. Wood and mud,,1. Corrugated iron sheet,,1. YES,1. YES,1. YES,1. YES
060401088802401,1. RURAL,6. BENISHANGUL GUMUZ,04,01,8,88,024,01,2. NO,2. NO,1. YES,1. YES,1. YES,1. Wood and mud,,3. Thatch,,1. YES,2. NO,,2. NO
070104088801204,1. RURAL,7. SNNP,01,04,8,88,012,04,2. NO,1. YES,1. YES,1. YES,1. YES,3. Wood,,3. Thatch,,2. NO,2. NO,,2. NO
070108088800802,1. RURAL,7. SNNP,01,08,8,88,008,02,2. NO,2. NO,2. NO,2. NO,2. NO,1. Wood and mud,,3. Thatch,,2. NO,2. NO,,2. NO
070110010100205,2. URBAN,7. SNNP,01,10,1,1,002,05,1. YES,1. YES,1. YES,1. YES,1. YES,1. Wood and mud,,1. Corrugated iron sheet,,1. YES,1. YES,1. YES,1. YES
070112088800907,1. RURAL,7. SNNP,01,12,8,88,009,07,2. NO,1. YES,2. NO,1. YES,2. NO,3. Wood,,3. Thatch,,2. NO,2. NO,,1. YES
070205030100103,2. URBAN,7. SNNP,02,05,3,1,001,03,2. NO,1. YES,1. YES,1. YES,1. YES,1. Wood and mud,,3. Thatch,,1. YES,1. YES,1. YES,2. NO
070205088801202,1. RURAL,7. SNNP,02,05,8,88,012,02,2. NO,2. NO,2. NO,1. YES,1. YES,1. Wood and mud,,3. Thatch,,2. NO,2. NO,,2. NO
070210088801703,1. RURAL,7. SNNP,02,10,8,88,017,03,1. YES,1. YES,1. YES,1. YES,1. YES,1. Wood and mud,,3. Thatch,,2. NO,2. NO,,1. YES
070211010100614,2. URBAN,7. SNNP,02,11,1,1,006,14,1. YES,1. YES,1. YES,1. YES,1. YES,1. Wood and mud,,1. Corrugated iron sheet,,1. YES,1. YES,1. YES,1. YES
070302088800701,1. RURAL,7. SNNP,03,02,8,88,007,01,1. YES,1. YES,1. YES,1. YES,1. YES,1. Wood and mud,,3. Thatch,,2. NO,1. YES,2. NO,1. YES
070305088801101,1. RURAL,7. SNNP,03,05,8,88,011,01,1. YES,1. YES,1. YES,1. YES,1. YES,1. Wood and mud,,1. Corrugated iron sheet,,1. YES,1. YES,1. YES,1. YES
070309010100307,2. URBAN,7. SNNP,03,09,1,1,003,07,1. YES,1. YES,1. YES,1. YES,1. YES,1. Wood and mud,,1. Corrugated iron sheet,,1. YES,1. YES,1. YES,1. YES
070403088802407,1. RURAL,7. SNNP,04,03,8,88,024,07,1. YES,1. YES,1. YES,1. YES,1. YES,2. Wood and Thatch,,3. Thatch,,2. NO,2. NO,,2. NO
070407088801207,1. RURAL,7. SNNP,04,07,8,88,012,07,2. NO,2. NO,1. YES,1. YES,1. YES,2. Wood and Thatch,,3. Thatch,,2. NO,2. NO,,2. NO
070409010100108,2. URBAN,7. SNNP,04,09,1,1,001,08,2. NO,1. YES,1. YES,1. YES,1. YES,1. Wood and mud,,1. Corrugated iron sheet,,1. YES,2. NO,,2. NO
070410088800810,1. RURAL,7. SNNP,04,10,8,88,008,10,2. NO,2. NO,1. YES,2. NO,1. YES,2. Wood and Thatch,,3. Thatch,,2. NO,2. NO,,1. YES
070414088800609,1. RURAL,7. SNNP,04,14,8,88,006,09,2. NO,2. NO,2. NO,2. NO,2. NO,2. Wood and Thatch,,3. Thatch,,2. NO,2. NO,,1. YES
070418088801803,1. RURAL,7. SNNP,04,18,8,88,018,03,1. YES,1. YES,1. YES,1. YES,1. YES,2. Wood and Thatch,,3. Thatch,,2. NO,2. NO,,2. NO
070420010100106,2. URBAN,7. SNNP,04,20,1,1,001,06,1. YES,1. YES,1. YES,1. YES,2. NO,1. Wood and mud,,1. Corrugated iron sheet,,1. YES,1. YES,1. YES,2. NO
070501088800605,1. RURAL,7. SNNP,05,01,8,88,006,05,2. NO,2. NO,1. YES,1. YES,2. NO,1. Wood and mud,,3. Thatch,,2. NO,2. NO,,2. NO
070503088801401,1. RURAL,7. SNNP,05,03,8,88,014,01,2. NO,2. NO,1. YES,1. YES,2. NO,1. Wood and mud,,1. Corrugated iron sheet,,2. NO,1. YES,2. NO,1. YES
070602088802005,1. RURAL,7. SNNP,06,02,8,88,020,05,1. YES,1. YES,1. YES,1. YES,1. YES,1. Wood and mud,,1. Corrugated iron sheet,,2. NO,1. YES,1. YES,2. NO
070603010100105,2. URBAN,7. SNNP,06,03,1,1,001,05,1. YES,1. YES,1. YES,1. YES,1. YES,1. Wood and mud,,1. Corrugated iron sheet,,1. YES,1. YES,1. YES,1. YES
070606088801009,1. RURAL,7. SNNP,06,06,8,88,010,09,1. YES,1. YES,1. YES,2. NO,1. YES,1. Wood and mud,,1. Corrugated iron sheet,,2. NO,1. YES,2. NO,1. YES
070610088800907,1. RURAL,7. SNNP,06,10,8,88,009,07,2. NO,2. NO,1. YES,1. YES,1. YES,1. Wood and mud,,1. Corrugated iron sheet,,2. NO,2. NO,,2. NO
070613010100707,2. URBAN,7. SNNP,06,13,1,1,007,07,1. YES,1. YES,1. YES,1. YES,1. YES,1. Wood and mud,,1. Corrugated iron sheet,,1. YES,1. YES,1. YES,1. YES
070701010100104,2. URBAN,7. SNNP,07,01,1,1,001,04,2. NO,1. YES,2. NO,1. YES,2. NO,1. Wood and mud,,1. Corrugated iron sheet,,1. YES,1. YES,1. YES,2. NO
070702088802709,1. RURAL,7. SNNP,07,02,8,88,027,09,2. NO,1. YES,1. YES,1. YES,1. YES,1. Wood and mud,,3. Thatch,,1. YES,2. NO,,1. YES
070706088801507,1. RURAL,7. SNNP,07,06,8,88,015,07,2. NO,2. NO,2. NO,2. NO,2. NO,2. Wood and Thatch,,6. Plastic Canvas,,1. YES,2. NO,,2. NO
070904030100101,2. URBAN,7. SNNP,09,04,3,1,001,01,2. NO,2. NO,1. YES,1. YES,1. YES,1. Wood and mud,,1. Corrugated iron sheet,,2. NO,1. YES,1. YES,1. YES
070904088801204,1. RURAL,7. SNNP,09,04,8,88,012,04,1. YES,1. YES,2. NO,1. YES,1. YES,1. Wood and mud,,1. Corrugated iron sheet,,2. NO,2. NO,,2. NO
070909088800504,1. RURAL,7. SNNP,09,09,8,88,005,04,2. NO,1. YES,2. NO,1. YES,2. NO,"8. Blocks, unplastered",,1. Corrugated iron sheet,,2. NO,2. NO,,2. NO
071003088801004,1. RURAL,7. SNNP,10,03,8,88,010,04,2. NO,1. YES,1. YES,1. YES,1. YES,1. Wood and mud,,1. Corrugated iron sheet,,2. NO,2. NO,,1. YES
071005020100101,2. URBAN,7. SNNP,10,05,2,1,001,01,1. YES,1. YES,1. YES,1. YES,1. YES,1. Wood and mud,,1. Corrugated iron sheet,,2. NO,2. NO,,2. NO
071008088801603,1. RURAL,7. SNNP,10,08,8,88,016,03,1. YES,1. YES,1. YES,1. YES,1. YES,1. Wood and mud,,1. Corrugated iron sheet,,2. NO,1. YES,2. NO,2. NO
071013088801005,1. RURAL,7. SNNP,10,13,8,88,010,05,2. NO,2. NO,2. NO,2. NO,1. YES,17. Reed/Bambo,,5. Bambo/Reed,,2. NO,2. NO,,2. NO
071016010100610,2. URBAN,7. SNNP,10,16,1,1,006,10,1. YES,1. YES,1. YES,1. YES,1. YES,1. Wood and mud,,1. Corrugated iron sheet,,2. NO,2. NO,,2. NO
071104088800912,1. RURAL,7. SNNP,11,04,8,88,009,12,1. YES,2. NO,1. YES,1. YES,2. NO,1. Wood and mud,,3. Thatch,,1. YES,1. YES,2. NO,2. NO
071110010100102,2. URBAN,7. SNNP,11,10,1,1,001,02,2. NO,2. NO,1. YES,1. YES,1. YES,1. Wood and mud,,1. Corrugated iron sheet,,1. YES,2. NO,,1. YES
071110088800906,1. RURAL,7. SNNP,11,10,8,88,009,06,1. YES,2. NO,1. YES,1. YES,1. YES,1. Wood and mud,,3. Thatch,,1. YES,2. NO,,1. YES
071201088801101,1. RURAL,7. SNNP,12,01,8,88,011,01,1. YES,1. YES,1. YES,1. YES,1. YES,1. Wood and mud,,3. Thatch,,2. NO,2. NO,,1. YES
071201088802507,1. RURAL,7. SNNP,12,01,8,88,025,07,1. YES,1. YES,2. NO,,1. YES,1. Wood and mud,,1. Corrugated iron sheet,,2. NO,1. YES,2. NO,1. YES
071304010100212,2. URBAN,7. SNNP,13,04,1,1,002,12,1. YES,1. YES,1. YES,2. NO,2. NO,5. Stone and mud,,1. Corrugated iron sheet,,2. NO,2. NO,,2. NO
071308010100210,2. URBAN,7. SNNP,13,08,1,1,002,10,1. YES,1. YES,1. YES,1. YES,1. YES,1. Wood and mud,,1. Corrugated iron sheet,,2. NO,2. NO,,2. NO
071501030100102,2. URBAN,7. SNNP,15,01,3,1,001,02,2. NO,1. YES,2. NO,1. YES,2. NO,1. Wood and mud,,1. Corrugated iron sheet,,2. NO,2. NO,,2. NO
071502088801308,1. RURAL,7. SNNP,15,02,8,88,013,08,2. NO,1. YES,1. YES,1. YES,1. YES,3. Wood,,5. Bambo/Reed,,2. NO,1. YES,1. YES,1. YES
071504088803610,1. RURAL,7. SNNP,15,04,8,88,036,10,1. YES,1. YES,2. NO,1. YES,1. YES,1. Wood and mud,,3. Thatch,,1. YES,1. YES,1. YES,2. NO
071601088800404,1. RURAL,7. SNNP,16,01,8,88,004,04,2. NO,1. YES,1. YES,1. YES,1. YES,1. Wood and mud,,3. Thatch,,2. NO,1. YES,1. YES,1. YES
071601088804904,1. RURAL,7. SNNP,16,01,8,88,049,04,2. NO,2. NO,2. NO,1. YES,1. YES,1. Wood and mud,,3. Thatch,,2. NO,2. NO,,2. NO
071701030100103,2. URBAN,7. SNNP,17,01,3,1,001,03,1. YES,1. YES,1. YES,1. YES,2. NO,1. Wood and mud,,1. Corrugated iron sheet,,1. YES,1. YES,1. YES,1. YES
071701088802301,1. RURAL,7. SNNP,17,01,8,88,023,01,1. YES,1. YES,1. YES,1. YES,1. YES,1. Wood and mud,,1. Corrugated iron sheet,,2. NO,2. NO,,2. NO
071704088800902,1. RURAL,7. SNNP,17,04,8,88,009,02,1. YES,1. YES,1. YES,1. YES,1. YES,1. Wood and mud,,1. Corrugated iron sheet,,2. NO,2. NO,,2. NO
071801088800504,1. RURAL,7. SNNP,18,01,8,88,005,04,1. YES,1. YES,1. YES,1. YES,2. NO,1. Wood and mud,,1. Corrugated iron sheet,,2. NO,2. NO,,1. YES
071801088801406,1. RURAL,7. SNNP,18,01,8,88,014,06,2. NO,2. NO,1. YES,1. YES,2. NO,1. Wood and mud,,1. Corrugated iron sheet,,2. NO,2. NO,,1. YES
071901088801705,1. RURAL,7. SNNP,19,01,8,88,017,05,1. YES,1. YES,1. YES,1. YES,1. YES,2. Wood and Thatch,,3. Thatch,,2. NO,2. NO,,1. YES
071901088803902,1. RURAL,7. SNNP,19,01,8,88,039,02,1. YES,1. YES,1. YES,1. YES,2. NO,1. Wood and mud,,3. Thatch,,2. NO,2. NO,,1. YES
072001088800308,1. RURAL,7. SNNP,20,01,8,88,003,08,2. NO,2. NO,2. NO,2. NO,1. YES,2. Wood and Thatch,,3. Thatch,,2. NO,2. NO,,2. NO
072003088802401,1. RURAL,7. SNNP,20,03,8,88,024,01,2. NO,2. NO,2. NO,2. NO,2. NO,1. Wood and mud,,3. Thatch,,2. NO,2. NO,,2. NO
072005010100203,2. URBAN,7. SNNP,20,05,1,1,002,03,2. NO,1. YES,2. NO,1. YES,2. NO,1. Wood and mud,,1. Corrugated iron sheet,,1. YES,1. YES,1. YES,2. NO
120101088801001,1. RURAL,12. GAMBELA,01,01,8,88,010,01,1. YES,1. YES,1. YES,1. YES,1. YES,1. Wood and mud,,1. Corrugated iron sheet,,2. NO,2. NO,,2. NO
120102088800501,1. RURAL,12. GAMBELA,01,02,8,88,005,01,1. YES,1. YES,1. YES,1. YES,1. YES,1. Wood and mud,,1. Corrugated iron sheet,,2. NO,2. NO,,2. NO
120103010100101,2. URBAN,12. GAMBELA,01,03,1,1,001,01,1. YES,1. YES,1. YES,1. YES,1. YES,1. Wood and mud,,1. Corrugated iron sheet,,1. YES,1. YES,1. YES,1. YES
120103010100402,2. URBAN,12. GAMBELA,01,03,1,1,004,02,1. YES,1. YES,1. YES,1. YES,1. YES,1. Wood and mud,,1. Corrugated iron sheet,,1. YES,1. YES,1. YES,1. YES
120103088800301,1. RURAL,12. GAMBELA,01,03,8,88,003,01,1. YES,1. YES,1. YES,1. YES,1. YES,1. Wood and mud,,3. Thatch,,2. NO,2. NO,,2. NO
120105010100102,2. URBAN,12. GAMBELA,01,05,1,1,001,02,2. NO,2. NO,1. YES,1. YES,2. NO,1. Wood and mud,,1. Corrugated iron sheet,,1. YES,1. YES,1. YES,2. NO
120105030100103,2. URBAN,12. GAMBELA,01,05,3,1,001,03,2. NO,2. NO,1. YES,1. YES,2. NO,1. Wood and mud,,1. Corrugated iron sheet,,2. NO,2. NO,,2. NO
120105088800804,1. RURAL,12. GAMBELA,01,05,8,88,008,04,2. NO,2. NO,2. NO,1. YES,2. NO,1. Wood and mud,,1. Corrugated iron sheet,,2. NO,2. NO,,2. NO
120105088801201,1. RURAL,12. GAMBELA,01,05,8,88,012,01,2. NO,1. YES,2. NO,1. YES,2. NO,18. Other (Specify),shera,1. Corrugated iron sheet,,2. NO,1. YES,2. NO,2. NO
120106010100108,2. URBAN,12. GAMBELA,01,06,1,1,001,08,1. YES,2. NO,1. YES,1. YES,1. YES,1. Wood and mud,,1. Corrugated iron sheet,,2. NO,2. NO,,2. NO
120106010100205,2. URBAN,12. GAMBELA,01,06,1,1,002,05,1. YES,1. YES,1. YES,1. YES,1. YES,1. Wood and mud,,1. Corrugated iron sheet,,1. YES,2. NO,,2. NO
120106010100215,2. URBAN,12. GAMBELA,01,06,1,1,002,15,1. YES,1. YES,1. YES,1. YES,1. YES,1. Wood and mud,,1. Corrugated iron sheet,,1. YES,2. NO,,2. NO
120106010100303,2. URBAN,12. GAMBELA,01,06,1,1,003,03,1. YES,1. YES,1. YES,1. YES,1. YES,1. Wood and mud,,1. Corrugated iron sheet,,1. YES,2. NO,,2. NO
120106010100313,2. URBAN,12. GAMBELA,01,06,1,1,003,13,1. YES,1. YES,1. YES,1. YES,1. YES,1. Wood and mud,,1. Corrugated iron sheet,,1. YES,2. NO,,2. NO
120106010100323,2. URBAN,12. GAMBELA,01,06,1,1,003,23,1. YES,1. YES,1. YES,1. YES,1. YES,1. Wood and mud,,1. Corrugated iron sheet,,1. YES,2. NO,,2. NO
120106010100504,2. URBAN,12. GAMBELA,01,06,1,1,005,04,1. YES,1. YES,1. YES,1. YES,1. YES,1. Wood and mud,,1. Corrugated iron sheet,,1. YES,2. NO,,2. NO
120106010100515,2. URBAN,12. GAMBELA,01,06,1,1,005,15,1. YES,1. YES,1. YES,1. YES,1. YES,1. Wood and mud,,1. Corrugated iron sheet,,1. YES,2. NO,,2. NO
120106010100525,2. URBAN,12. GAMBELA,01,06,1,1,005,25,1. YES,1. YES,1. YES,1. YES,1. YES,1. Wood and mud,,1. Corrugated iron sheet,,1. YES,2. NO,,2. NO
120201010100102,2. URBAN,12. GAMBELA,02,01,1,1,001,02,1. YES,1. YES,1. YES,1. YES,1. YES,1. Wood and mud,,3. Thatch,,1. YES,2. NO,,2. NO
120201088800501,1. RURAL,12. GAMBELA,02,01,8,88,005,01,1. YES,1. YES,1. YES,1. YES,1. YES,1. Wood and mud,,3. Thatch,,2. NO,2. NO,,2. NO
120201088802501,1. RURAL,12. GAMBELA,02,01,8,88,025,01,1. YES,2. NO,1. YES,2. NO,1. YES,1. Wood and mud,,3. Thatch,,2. NO,2. NO,,2. NO
120202088802101,1. RURAL,12. GAMBELA,02,02,8,88,021,01,2. NO,2. NO,1. YES,1. YES,1. YES,2. Wood and Thatch,,3. Thatch,,2. NO,2. NO,,2. NO
120203010100102,2. URBAN,12. GAMBELA,02,03,1,1,001,02,1. YES,1. YES,1. YES,1. YES,1. YES,1. Wood and mud,,3. Thatch,,1. YES,1. YES,1. YES,1. YES
120205010100101,2. URBAN,12. GAMBELA,02,05,1,1,001,01,1. YES,1. YES,1. YES,1. YES,1. YES,1. Wood and mud,,3. Thatch,,1. YES,2. NO,,2. NO
120301010100101,2. URBAN,12. GAMBELA,03,01,1,1,001,01,1. YES,1. YES,1. YES,1. YES,1. YES,1. Wood and mud,,1. Corrugated iron sheet,,2. NO,2. NO,,2. NO
120301010100113,2. URBAN,12. GAMBELA,03,01,1,1,001,13,1. YES,1. YES,1. YES,1. YES,1. YES,1. Wood and mud,,1. Corrugated iron sheet,,2. NO,2. NO,,2. NO
120301010100211,2. URBAN,12. GAMBELA,03,01,1,1,002,11,1. YES,1. YES,1. YES,1. YES,1. YES,1. Wood and mud,,1. Corrugated iron sheet,,1. YES,2. NO,,2. NO
120301088800101,1. RURAL,12. GAMBELA,03,01,8,88,001,01,1. YES,1. YES,1. YES,1. YES,2. NO,1. Wood and mud,,1. Corrugated iron sheet,,2. NO,2. NO,,2. NO
120301088800201,1. RURAL,12. GAMBELA,03,01,8,88,002,01,1. YES,1. YES,1. YES,1. YES,1. YES,1. Wood and mud,,1. Corrugated iron sheet,,2. NO,2. NO,,2. NO
120301088800404,1. RURAL,12. GAMBELA,03,01,8,88,004,04,1. YES,1. YES,1. YES,1. YES,1. YES,1. Wood and mud,,1. Corrugated iron sheet,,2. NO,1. YES,1. YES,2. NO
120301088800707,1. RURAL,12. GAMBELA,03,01,8,88,007,07,1. YES,1. YES,1. YES,1. YES,1. YES,1. Wood and mud,,1. Corrugated iron sheet,,2. NO,1. YES,2. NO,1. YES
120301088801001,1. RURAL,12. GAMBELA,03,01,8,88,010,01,1. YES,1. YES,1. YES,1. YES,1. YES,2. Wood and Thatch,,3. Thatch,,2. NO,2. NO,,2. NO
120302088800703,1. RURAL,12. GAMBELA,03,02,8,88,007,03,1. YES,1. YES,1. YES,1. YES,1. YES,1. Wood and mud,,1. Corrugated iron sheet,,2. NO,1. YES,2. NO,2. NO
120302088800803,1. RURAL,12. GAMBELA,03,02,8,88,008,03,1. YES,1. YES,1. YES,1. YES,1. YES,1. Wood and mud,,1. Corrugated iron sheet,,2. NO,2. NO,,2. NO
120302088801002,1. RURAL,12. GAMBELA,03,02,8,88,010,02,1. YES,1. YES,1. YES,1. YES,1. YES,1. Wood and mud,,1. Corrugated iron sheet,,2. NO,1. YES,2. NO,2. NO
120302088801501,1. RURAL,12. GAMBELA,03,02,8,88,015,01,1. YES,1. YES,2. NO,1. YES,1. YES,2. Wood and Thatch,,3. Thatch,,2. NO,2. NO,,2. NO
120401010100108,2. URBAN,12. GAMBELA,04,01,1,1,001,08,1. YES,1. YES,1. YES,1. YES,1. YES,1. Wood and mud,,1. Corrugated iron sheet,,1. YES,2. NO,,2. NO
120401088800504,1. RURAL,12. GAMBELA,04,01,8,88,005,04,1. YES,1. YES,1. YES,1. YES,1. YES,1. Wood and mud,,3. Thatch,,2. NO,2. NO,,2. NO
120401088801403,1. RURAL,12. GAMBELA,04,01,8,88,014,03,1. YES,1. YES,1. YES,1. YES,1. YES,1. Wood and mud,,3. Thatch,,2. NO,2. NO,,2. NO
130101088800107,1. RURAL,13. HARAR,01,01,8,88,001,07,2. NO,1. YES,2. NO,2. NO,2. NO,1. Wood and mud,,1. Corrugated iron sheet,,2. NO,2. NO,,2. NO
130101088800202,1. RURAL,13. HARAR,01,01,8,88,002,02,1. YES,1. YES,2. NO,1. YES,1. YES,5. Stone and mud,,1. Corrugated iron sheet,,2. NO,2. NO,,2. NO
130101088800208,1. RURAL,13. HARAR,01,01,8,88,002,08,1. YES,1. YES,2. NO,1. YES,1. YES,5. Stone and mud,,1. Corrugated iron sheet,,2. NO,2. NO,,2. NO
130101088800309,1. RURAL,13. HARAR,01,01,8,88,003,09,1. YES,1. YES,1. YES,1. YES,1. YES,11. Corrugated iron sheet (Lamera),,1. Corrugated iron sheet,,1. YES,1. YES,2. NO,2. NO
130101088800407,1. RURAL,13. HARAR,01,01,8,88,004,07,1. YES,1. YES,1. YES,1. YES,1. YES,1. Wood and mud,,1. Corrugated iron sheet,,1. YES,1. YES,1. YES,2. NO
130101088800503,1. RURAL,13. HARAR,01,01,8,88,005,03,2. NO,1. YES,1. YES,1. YES,2. NO,1. Wood and mud,,1. Corrugated iron sheet,,2. NO,2. NO,,2. NO
130101088800702,1. RURAL,13. HARAR,01,01,8,88,007,02,2. NO,2. NO,2. NO,1. YES,2. NO,5. Stone and mud,,4. Wood and Mud,,2. NO,2. NO,,2. NO
130102088800104,1. RURAL,13. HARAR,01,02,8,88,001,04,1. YES,1. YES,1. YES,1. YES,1. YES,1. Wood and mud,,1. Corrugated iron sheet,,1. YES,1. YES,2. NO,1. YES
130102088800111,1. RURAL,13. HARAR,01,02,8,88,001,11,1. YES,1. YES,1. YES,1. YES,1. YES,1. Wood and mud,,1. Corrugated iron sheet,,1. YES,1. YES,2. NO,1. YES
130102088800301,1. RURAL,13. HARAR,01,02,8,88,003,01,1. YES,1. YES,1. YES,1. YES,1. YES,1. Wood and mud,,1. Corrugated iron sheet,,2. NO,2. NO,,2. NO
130102088800408,1. RURAL,13. HARAR,01,02,8,88,004,08,1. YES,1. YES,1. YES,1. YES,1. YES,1. Wood and mud,,1. Corrugated iron sheet,,2. NO,2. NO,,2. NO
130102088800415,1. RURAL,13. HARAR,01,02,8,88,004,15,1. YES,1. YES,1. YES,1. YES,1. YES,1. Wood and mud,,1. Corrugated iron sheet,,2. NO,2. NO,,2. NO
130102088800511,1. RURAL,13. HARAR,01,02,8,88,005,11,1. YES,1. YES,1. YES,1. YES,1. YES,1. Wood and mud,,1. Corrugated iron sheet,,2. NO,2. NO,,2. NO
130102088800608,1. RURAL,13. HARAR,01,02,8,88,006,08,2. NO,1. YES,2. NO,1. YES,2. NO,1. Wood and mud,,1. Corrugated iron sheet,,2. NO,1. YES,1. YES,2. NO
130103088800103,1. RURAL,13. HARAR,01,03,8,88,001,03,1. YES,1. YES,1. YES,1. YES,1. YES,1. Wood and mud,,1. Corrugated iron sheet,,1. YES,2. NO,,2. NO
130103088800211,1. RURAL,13. HARAR,01,03,8,88,002,11,1. YES,1. YES,1. YES,1. YES,1. YES,1. Wood and mud,,1. Corrugated iron sheet,,1. YES,1. YES,1. YES,2. NO
130103088800305,1. RURAL,13. HARAR,01,03,8,88,003,05,1. YES,1. YES,1. YES,1. YES,1. YES,1. Wood and mud,,1. Corrugated iron sheet,,1. YES,1. YES,2. NO,1. YES
130103088800402,1. RURAL,13. HARAR,01,03,8,88,004,02,1. YES,1. YES,1. YES,1. YES,1. YES,1. Wood and mud,,1. Corrugated iron sheet,,1. YES,1. YES,2. NO,2. NO
130104010100101,2. URBAN,13. HARAR,01,04,1,1,001,01,1. YES,1. YES,1. YES,1. YES,1. YES,1. Wood and mud,,1. Corrugated iron sheet,,1. YES,1. YES,2. NO,2. NO
130104010100202,2. URBAN,13. HARAR,01,04,1,1,002,02,1. YES,1. YES,1. YES,1. YES,1. YES,1. Wood and mud,,1. Corrugated iron sheet,,1. YES,1. YES,2. NO,2. NO
130104010100210,2. URBAN,13. HARAR,01,04,1,1,002,10,1. YES,1. YES,1. YES,1. YES,1. YES,1. Wood and mud,,1. Corrugated iron sheet,,1. YES,1. YES,2. NO,2. NO
130104010100219,2. URBAN,13. HARAR,01,04,1,1,002,19,1. YES,1. YES,1. YES,1. YES,1. YES,1. Wood and mud,,1. Corrugated iron sheet,,1. YES,1. YES,2. NO,2. NO
130104010100226,2. URBAN,13. HARAR,01,04,1,1,002,26,1. YES,1. YES,1. YES,1. YES,1. YES,1. Wood and mud,,1. Corrugated iron sheet,,1. YES,1. YES,2. NO,2. NO
130104010100305,2. URBAN,13. HARAR,01,04,1,1,003,05,1. YES,1. YES,1. YES,1. YES,1. YES,1. Wood and mud,,1. Corrugated iron sheet,,1. YES,1. YES,1. YES,1. YES
130104010100312,2. URBAN,13. HARAR,01,04,1,1,003,12,1. YES,1. YES,1. YES,1. YES,1. YES,1. Wood and mud,,1. Corrugated iron sheet,,1. YES,1. YES,2. NO,2. NO
130104010100321,2. URBAN,13. HARAR,01,04,1,1,003,21,1. YES,1. YES,1. YES,1. YES,1. YES,1. Wood and mud,,1. Corrugated iron sheet,,1. YES,1. YES,2. NO,2. NO
130105010100102,2. URBAN,13. HARAR,01,05,1,1,001,02,1. YES,1. YES,1. YES,1. YES,1. YES,1. Wood and mud,,1. Corrugated iron sheet,,1. YES,1. YES,2. NO,2. NO
130105010100203,2. URBAN,13. HARAR,01,05,1,1,002,03,1. YES,1. YES,1. YES,1. YES,1. YES,1. Wood and mud,,1. Corrugated iron sheet,,1. YES,1. YES,2. NO,2. NO
130105010100209,2. URBAN,13. HARAR,01,05,1,1,002,09,1. YES,1. YES,1. YES,1. YES,1. YES,1. Wood and mud,,1. Corrugated iron sheet,,1. YES,1. YES,2. NO,2. NO
130106010100101,2. URBAN,13. HARAR,01,06,1,1,001,01,1. YES,1. YES,1. YES,1. YES,1. YES,1. Wood and mud,,1. Corrugated iron sheet,,1. YES,1. YES,2. NO,2. NO
130106010100108,2. URBAN,13. HARAR,01,06,1,1,001,08,1. YES,1. YES,1. YES,1. YES,2. NO,1. Wood and mud,,1. Corrugated iron sheet,,1. YES,1. YES,2. NO,2. NO
130106010100201,2. URBAN,13. HARAR,01,06,1,1,002,01,1. YES,1. YES,1. YES,1. YES,2. NO,1. Wood and mud,,1. Corrugated iron sheet,,2. NO,2. NO,,2. NO
130106010100208,2. URBAN,13. HARAR,01,06,1,1,002,08,1. YES,1. YES,1. YES,1. YES,2. NO,1. Wood and mud,,1. Corrugated iron sheet,,2. NO,2. NO,,2. NO
130106010100304,2. URBAN,13. HARAR,01,06,1,1,003,04,1. YES,1. YES,1. YES,1. YES,2. NO,1. Wood and mud,,1. Corrugated iron sheet,,2. NO,2. NO,,2. NO
130107010100103,2. URBAN,13. HARAR,01,07,1,1,001,03,1. YES,2. NO,1. YES,1. YES,2. NO,5. Stone and mud,,4. Wood and Mud,,2. NO,2. NO,,2. NO
130107010100208,2. URBAN,13. HARAR,01,07,1,1,002,08,2. NO,1. YES,2. NO,1. YES,2. NO,1. Wood and mud,,1. Corrugated iron sheet,,1. YES,1. YES,1. YES,1. YES
130107010100305,2. URBAN,13. HARAR,01,07,1,1,003,05,1. YES,1. YES,1. YES,1. YES,1. YES,1. Wood and mud,,1. Corrugated iron sheet,,1. YES,1. YES,1. YES,1. YES
130108010100203,2. URBAN,13. HARAR,01,08,1,1,002,03,1. YES,1. YES,1. YES,1. YES,2. NO,1. Wood and mud,,1. Corrugated iron sheet,,1. YES,1. YES,1. YES,2. NO
130108010100301,2. URBAN,13. HARAR,01,08,1,1,003,01,1. YES,1. YES,1. YES,1. YES,2. NO,1. Wood and mud,,1. Corrugated iron sheet,,1. YES,1. YES,1. YES,2. NO
130108010100309,2. URBAN,13. HARAR,01,08,1,1,003,09,1. YES,1. YES,1. YES,1. YES,2. NO,1. Wood and mud,,1. Corrugated iron sheet,,1. YES,1. YES,1. YES,2. NO
130108010100317,2. URBAN,13. HARAR,01,08,1,1,003,17,1. YES,1. YES,1. YES,1. YES,2. NO,1. Wood and mud,,1. Corrugated iron sheet,,1. YES,1. YES,1. YES,2. NO
130109010100303,2. URBAN,13. HARAR,01,09,1,1,003,03,1. YES,1. YES,1. YES,1. YES,2. NO,1. Wood and mud,,1. Corrugated iron sheet,,1. YES,1. YES,1. YES,1. YES
140101010100114,2. URBAN,14. ADDIS ABABA,01,01,1,1,001,14,2. NO,1. YES,2. NO,1. YES,2. NO,1. Wood and mud,,1. Corrugated iron sheet,,1. YES,1. YES,1. YES,1. YES
140104010100403,2. URBAN,14. ADDIS ABABA,01,04,1,1,004,03,1. YES,1. YES,1. YES,1. YES,2. NO,1. Wood and mud,,1. Corrugated iron sheet,,1. YES,1. YES,2. NO,1. YES
140107010100712,2. URBAN,14. ADDIS ABABA,01,07,1,1,007,12,1. YES,1. YES,1. YES,1. YES,2. NO,1. Wood and mud,,1. Corrugated iron sheet,,1. YES,1. YES,2. NO,1. YES
140109010100904,2. URBAN,14. ADDIS ABABA,01,09,1,1,009,04,1. YES,1. YES,1. YES,1. YES,1. YES,"7. Blocks, plastered with cement",,1. Corrugated iron sheet,,1. YES,1. YES,1. YES,1. YES
140202010200210,2. URBAN,14. ADDIS ABABA,02,02,1,2,002,10,2. NO,1. YES,2. NO,1. YES,2. NO,1. Wood and mud,,1. Corrugated iron sheet,,1. YES,1. YES,1. YES,1. YES
140205010200504,2. URBAN,14. ADDIS ABABA,02,05,1,2,005,04,1. YES,1. YES,1. YES,1. YES,1. YES,1. Wood and mud,,1. Corrugated iron sheet,,1. YES,1. YES,1. YES,1. YES
140208010200823,2. URBAN,14. ADDIS ABABA,02,08,1,2,008,23,2. NO,1. YES,2. NO,1. YES,2. NO,1. Wood and mud,,1. Corrugated iron sheet,,1. YES,1. YES,1. YES,1. YES
140301010300138,2. URBAN,14. ADDIS ABABA,03,01,1,3,001,38,2. NO,1. YES,2. NO,1. YES,2. NO,1. Wood and mud,,1. Corrugated iron sheet,,1. YES,1. YES,1. YES,1. YES
140303010300315,2. URBAN,14. ADDIS ABABA,03,03,1,3,003,15,1. YES,1. YES,1. YES,1. YES,1. YES,1. Wood and mud,,1. Corrugated iron sheet,,1. YES,2. NO,,2. NO
140303010300329,2. URBAN,14. ADDIS ABABA,03,03,1,3,003,29,1. YES,1. YES,1. YES,1. YES,1. YES,1. Wood and mud,,1. Corrugated iron sheet,,1. YES,2. NO,,2. NO
140305010300533,2. URBAN,14. ADDIS ABABA,03,05,1,3,005,33,1. YES,1. YES,1. YES,1. YES,2. NO,1. Wood and mud,,1. Corrugated iron sheet,,1. YES,1. YES,1. YES,1. YES
140307010300706,2. URBAN,14. ADDIS ABABA,03,07,1,3,007,06,1. YES,1. YES,1. YES,1. YES,1. YES,"7. Blocks, plastered with cement",,1. Corrugated iron sheet,,1. YES,1. YES,1. YES,1. YES
140309010300913,2. URBAN,14. ADDIS ABABA,03,09,1,3,009,13,1. YES,1. YES,1. YES,1. YES,1. YES,1. Wood and mud,,1. Corrugated iron sheet,,1. YES,1. YES,1. YES,1. YES
140311010301140,2. URBAN,14. ADDIS ABABA,03,11,1,3,011,40,1. YES,1. YES,1. YES,1. YES,1. YES,1. Wood and mud,,1. Corrugated iron sheet,,1. YES,1. YES,1. YES,1. YES
140313010301371,2. URBAN,14. ADDIS ABABA,03,13,1,3,013,71,1. YES,1. YES,1. YES,1. YES,1. YES,"7. Blocks, plastered with cement",,1. Corrugated iron sheet,,1. YES,1. YES,1. YES,1. YES
140401010400123,2. URBAN,14. ADDIS ABABA,04,01,1,4,001,23,2. NO,1. YES,2. NO,1. YES,2. NO,1. Wood and mud,,1. Corrugated iron sheet,,1. YES,1. YES,1. YES,1. YES
140405010400515,2. URBAN,14. ADDIS ABABA,04,05,1,4,005,15,2. NO,2. NO,2. NO,1. YES,2. NO,1. Wood and mud,,1. Corrugated iron sheet,,1. YES,1. YES,2. NO,1. YES
140501010500113,2. URBAN,14. ADDIS ABABA,05,01,1,5,001,13,1. YES,1. YES,1. YES,1. YES,1. YES,1. Wood and mud,,1. Corrugated iron sheet,,1. YES,1. YES,1. YES,1. YES
140504010500449,2. URBAN,14. ADDIS ABABA,05,04,1,5,004,49,1. YES,1. YES,2. NO,1. YES,2. NO,1. Wood and mud,,1. Corrugated iron sheet,,1. YES,1. YES,1. YES,1. YES
140509010500925,2. URBAN,14. ADDIS ABABA,05,09,1,5,009,25,1. YES,1. YES,1. YES,1. YES,1. YES,5. Stone and mud,,1. Corrugated iron sheet,,1. YES,1. YES,1. YES,1. YES
140602010600224,2. URBAN,14. ADDIS ABABA,06,02,1,6,002,24,1. YES,1. YES,1. YES,1. YES,2. NO,1. Wood and mud,,1. Corrugated iron sheet,,1. YES,1. YES,1. YES,1. YES
140606010600617,2. URBAN,14. ADDIS ABABA,06,06,1,6,006,17,1. YES,1. YES,1. YES,1. YES,1. YES,1. Wood and mud,,1. Corrugated iron sheet,,1. YES,1. YES,1. YES,1. YES
140701010700106,2. URBAN,14. ADDIS ABABA,07,01,1,7,001,06,1. YES,1. YES,1. YES,1. YES,1. YES,1. Wood and mud,,1. Corrugated iron sheet,,1. YES,1. YES,1. YES,1. YES
140702010700258,2. URBAN,14. ADDIS ABABA,07,02,1,7,002,58,1. YES,1. YES,1. YES,1. YES,1. YES,1. Wood and mud,,1. Corrugated iron sheet,,1. YES,2. NO,,2. NO
140705010700528,2. URBAN,14. ADDIS ABABA,07,05,1,7,005,28,1. YES,1. YES,1. YES,1. YES,2. NO,1. Wood and mud,,1. Corrugated iron sheet,,1. YES,1. YES,1. YES,1. YES
140707010700732,2. URBAN,14. ADDIS ABABA,07,07,1,7,007,32,1. YES,1. YES,1. YES,1. YES,2. NO,"7. Blocks, plastered with cement",,1. Corrugated iron sheet,,1. YES,1. YES,1. YES,1. YES
140710010701008,2. URBAN,14. ADDIS ABABA,07,10,1,7,010,08,1. YES,1. YES,1. YES,1. YES,1. YES,1. Wood and mud,,1. Corrugated iron sheet,,1. YES,1. YES,1. YES,1. YES
140711010701116,2. URBAN,14. ADDIS ABABA,07,11,1,7,011,16,1. YES,1. YES,1. YES,1. YES,1. YES,1. Wood and mud,,1. Corrugated iron sheet,,1. YES,1. YES,1. YES,1. YES
140712010701250,2. URBAN,14. ADDIS ABABA,07,12,1,7,012,50,1. YES,1. YES,1. YES,1. YES,2. NO,1. Wood and mud,,1. Corrugated iron sheet,,1. YES,1. YES,1. YES,1. YES
140712010701264,2. URBAN,14. ADDIS ABABA,07,12,1,7,012,64,1. YES,1. YES,1. YES,1. YES,2. NO,1. Wood and mud,,1. Corrugated iron sheet,,1. YES,1. YES,1. YES,1. YES
140713010701371,2. URBAN,14. ADDIS ABABA,07,13,1,7,013,71,1. YES,1. YES,1. YES,1. YES,1. YES,"7. Blocks, plastered with cement",,1. Corrugated iron sheet,,1. YES,1. YES,1. YES,1. YES
140801010800119,2. URBAN,14. ADDIS ABABA,08,01,1,8,001,19,1. YES,1. YES,1. YES,1. YES,1. YES,1. Wood and mud,,1. Corrugated iron sheet,,1. YES,1. YES,1. YES,1. YES
140804010800447,2. URBAN,14. ADDIS ABABA,08,04,1,8,004,47,1. YES,1. YES,1. YES,1. YES,1. YES,1. Wood and mud,,1. Corrugated iron sheet,,1. YES,1. YES,1. YES,1. YES
140807010800749,2. URBAN,14. ADDIS ABABA,08,07,1,8,007,49,1. YES,1. YES,1. YES,1. YES,1. YES,6. Stone and cement,,1. Corrugated iron sheet,,1. YES,1. YES,1. YES,1. YES
140809010800932,2. URBAN,14. ADDIS ABABA,08,09,1,8,009,32,1. YES,1. YES,1. YES,1. YES,1. YES,1. Wood and mud,,1. Corrugated iron sheet,,1. YES,1. YES,1. YES,1. YES
140810010801022,2. URBAN,14. ADDIS ABABA,08,10,1,8,010,22,1. YES,1. YES,1. YES,1. YES,1. YES,6. Stone and cement,,1. Corrugated iron sheet,,1. YES,1. YES,1. YES,1. YES
140810010801057,2. URBAN,14. ADDIS ABABA,08,10,1,8,010,57,1. YES,1. YES,1. YES,1. YES,1. YES,6. Stone and cement,,1. Corrugated iron sheet,,1. YES,1. YES,1. YES,1. YES
140812010801246,2. URBAN,14. ADDIS ABABA,08,12,1,8,012,46,1. YES,1. YES,1. YES,1. YES,1. YES,1. Wood and mud,,1. Corrugated iron sheet,,1. YES,1. YES,1. YES,1. YES
140813010801344,2. URBAN,14. ADDIS ABABA,08,13,1,8,013,44,1. YES,1. YES,1. YES,1. YES,1. YES,"7. Blocks, plastered with cement",,1. Corrugated iron sheet,,1. YES,1. YES,1. YES,1. YES
140901010900115,2. URBAN,14. ADDIS ABABA,09,01,1,9,001,15,1. YES,1. YES,1. YES,1. YES,1. YES,6. Stone and cement,,1. Corrugated iron sheet,,1. YES,1. YES,2. NO,1. YES
140901010900128,2. URBAN,14. ADDIS ABABA,09,01,1,9,001,28,1. YES,1. YES,1. YES,1. YES,1. YES,6. Stone and cement,,1. Corrugated iron sheet,,1. YES,1. YES,2. NO,1. YES
140902010900263,2. URBAN,14. ADDIS ABABA,09,02,1,9,002,63,1. YES,1. YES,1. YES,1. YES,1. YES,1. Wood and mud,,1. Corrugated iron sheet,,1. YES,1. YES,1. YES,1. YES
140905010900503,2. URBAN,14. ADDIS ABABA,09,05,1,9,005,03,1. YES,1. YES,1. YES,1. YES,2. NO,1. Wood and mud,,1. Corrugated iron sheet,,1. YES,1. YES,1. YES,1. YES
140906010900663,2. URBAN,14. ADDIS ABABA,09,06,1,9,006,63,1. YES,1. YES,1. YES,1. YES,1. YES,1. Wood and mud,,1. Corrugated iron sheet,,1. YES,1. YES,1. YES,1. YES
140909010900935,2. URBAN,14. ADDIS ABABA,09,09,1,9,009,35,1. YES,1. YES,1. YES,1. YES,1. YES,"7. Blocks, plastered with cement",,1. Corrugated iron sheet,,1. YES,1. YES,1. YES,1. YES
140911010901147,2. URBAN,14. ADDIS ABABA,09,11,1,9,011,47,1. YES,1. YES,1. YES,1. YES,2. NO,1. Wood and mud,,1. Corrugated iron sheet,,1. YES,1. YES,1. YES,1. YES
140912010901207,2. URBAN,14. ADDIS ABABA,09,12,1,9,012,07,1. YES,1. YES,1. YES,1. YES,1. YES,6. Stone and cement,,1. Corrugated iron sheet,,1. YES,1. YES,1. YES,1. YES
141001011000136,2. URBAN,14. ADDIS ABABA,10,01,1,10,001,36,1. YES,1. YES,1. YES,1. YES,1. YES,1. Wood and mud,,1. Corrugated iron sheet,,1. YES,1. YES,1. YES,1. YES
141004011000409,2. URBAN,14. ADDIS ABABA,10,04,1,10,004,09,1. YES,1. YES,1. YES,1. YES,2. NO,"7. Blocks, plastered with cement",,1. Corrugated iron sheet,,1. YES,1. YES,1. YES,1. YES
141005011000511,2. URBAN,14. ADDIS ABABA,10,05,1,10,005,11,1. YES,1. YES,1. YES,1. YES,2. NO,1. Wood and mud,,1. Corrugated iron sheet,,1. YES,1. YES,1. YES,1. YES
141007011000713,2. URBAN,14. ADDIS ABABA,10,07,1,10,007,13,1. YES,1. YES,1. YES,1. YES,2. NO,1. Wood and mud,,1. Corrugated iron sheet,,1. YES,1. YES,1. YES,1. YES
141008011000847,2. URBAN,14. ADDIS ABABA,10,08,1,10,008,47,1. YES,1. YES,1. YES,1. YES,2. NO,1. Wood and mud,,1. Corrugated iron sheet,,1. YES,1. YES,1. YES,1. YES
150101010100105,2. URBAN,15. DIRE DAWA,01,01,1,1,001,05,1. YES,1. YES,1. YES,1. YES,1. YES,"7. Blocks, plastered with cement",,1. Corrugated iron sheet,,2. NO,1. YES,1. YES,1. YES
150101010100117,2. URBAN,15. DIRE DAWA,01,01,1,1,001,17,1. YES,1. YES,1. YES,1. YES,1. YES,"7. Blocks, plastered with cement",,1. Corrugated iron sheet,,2. NO,1. YES,1. YES,1. YES
150101010100305,2. URBAN,15. DIRE DAWA,01,01,1,1,003,05,1. YES,1. YES,1. YES,1. YES,2. NO,"8. Blocks, unplastered",,1. Corrugated iron sheet,,2. NO,1. YES,1. YES,1. YES
150101010100318,2. URBAN,15. DIRE DAWA,01,01,1,1,003,18,1. YES,1. YES,1. YES,1. YES,2. NO,"7. Blocks, plastered with cement",,1. Corrugated iron sheet,,2. NO,1. YES,1. YES,1. YES
150101010100330,2. URBAN,15. DIRE DAWA,01,01,1,1,003,30,1. YES,1. YES,1. YES,1. YES,2. NO,"7. Blocks, plastered with cement",,1. Corrugated iron sheet,,2. NO,1. YES,1. YES,1. YES
150101010100344,2. URBAN,15. DIRE DAWA,01,01,1,1,003,44,1. YES,1. YES,1. YES,1. YES,2. NO,"7. Blocks, plastered with cement",,1. Corrugated iron sheet,,2. NO,1. YES,1. YES,1. YES
150101010100357,2. URBAN,15. DIRE DAWA,01,01,1,1,003,57,1. YES,1. YES,1. YES,1. YES,2. NO,"7. Blocks, plastered with cement",,1. Corrugated iron sheet,,2. NO,1. YES,1. YES,1. YES
150101010100370,2. URBAN,15. DIRE DAWA,01,01,1,1,003,70,1. YES,1. YES,1. YES,1. YES,2. NO,"7. Blocks, plastered with cement",,1. Corrugated iron sheet,,2. NO,1. YES,1. YES,1. YES
150101010100383,2. URBAN,15. DIRE DAWA,01,01,1,1,003,83,1. YES,1. YES,1. YES,1. YES,2. NO,"7. Blocks, plastered with cement",,1. Corrugated iron sheet,,2. NO,1. YES,1. YES,1. YES
150101010100407,2. URBAN,15. DIRE DAWA,01,01,1,1,004,07,1. YES,1. YES,1. YES,1. YES,2. NO,"7. Blocks, plastered with cement",,1. Corrugated iron sheet,,2. NO,1. YES,1. YES,1. YES
150101010100420,2. URBAN,15. DIRE DAWA,01,01,1,1,004,20,1. YES,1. YES,1. YES,1. YES,2. NO,"7. Blocks, plastered with cement",,1. Corrugated iron sheet,,2. NO,1. YES,1. YES,1. YES
150101010100431,2. URBAN,15. DIRE DAWA,01,01,1,1,004,31,1. YES,1. YES,1. YES,1. YES,2. NO,"7. Blocks, plastered with cement",,1. Corrugated iron sheet,,2. NO,1. YES,1. YES,1. YES
150101010100511,2. URBAN,15. DIRE DAWA,01,01,1,1,005,11,1. YES,1. YES,1. YES,1. YES,1. YES,5. Stone and mud,,1. Corrugated iron sheet,,2. NO,2. NO,,1. YES
150101010100524,2. URBAN,15. DIRE DAWA,01,01,1,1,005,24,1. YES,1. YES,1. YES,1. YES,1. YES,5. Stone and mud,,1. Corrugated iron sheet,,2. NO,2. NO,,1. YES
150101010100538,2. URBAN,15. DIRE DAWA,01,01,1,1,005,38,1. YES,1. YES,1. YES,1. YES,1. YES,5. Stone and mud,,1. Corrugated iron sheet,,2. NO,2. NO,,1. YES
150101010100550,2. URBAN,15. DIRE DAWA,01,01,1,1,005,50,1. YES,1. YES,1. YES,1. YES,1. YES,5. Stone and mud,,1. Corrugated iron sheet,,2. NO,2. NO,,1. YES
150101010100607,2. URBAN,15. DIRE DAWA,01,01,1,1,006,07,1. YES,1. YES,1. YES,1. YES,1. YES,6. Stone and cement,,1. Corrugated iron sheet,,2. NO,1. YES,1. YES,1. YES
150101010100620,2. URBAN,15. DIRE DAWA,01,01,1,1,006,20,1. YES,1. YES,1. YES,1. YES,1. YES,6. Stone and cement,,1. Corrugated iron sheet,,2. NO,1. YES,1. YES,1. YES
150101010100712,2. URBAN,15. DIRE DAWA,01,01,1,1,007,12,1. YES,1. YES,1. YES,1. YES,1. YES,5. Stone and mud,,1. Corrugated iron sheet,,2. NO,1. YES,1. YES,1. YES
150101010100726,2. URBAN,15. DIRE DAWA,01,01,1,1,007,26,1. YES,1. YES,1. YES,1. YES,1. YES,5. Stone and mud,,1. Corrugated iron sheet,,2. NO,1. YES,1. YES,1. YES
150101010100807,2. URBAN,15. DIRE DAWA,01,01,1,1,008,07,1. YES,1. YES,1. YES,1. YES,1. YES,6. Stone and cement,,1. Corrugated iron sheet,,2. NO,1. YES,1. YES,1. YES
150101010100822,2. URBAN,15. DIRE DAWA,01,01,1,1,008,22,1. YES,1. YES,1. YES,1. YES,1. YES,5. Stone and mud,,1. Corrugated iron sheet,,2. NO,1. YES,1. YES,1. YES
150101010100912,2. URBAN,15. DIRE DAWA,01,01,1,1,009,12,1. YES,1. YES,1. YES,1. YES,2. NO,1. Wood and mud,,1. Corrugated iron sheet,,2. NO,1. YES,1. YES,1. YES
150101010101001,2. URBAN,15. DIRE DAWA,01,01,1,1,010,01,1. YES,2. NO,1. YES,1. YES,2. NO,"7. Blocks, plastered with cement",,1. Corrugated iron sheet,,2. NO,1. YES,1. YES,1. YES
150101010101013,2. URBAN,15. DIRE DAWA,01,01,1,1,010,13,2. NO,1. YES,1. YES,1. YES,2. NO,10. Mud bricks (traditional),,1. Corrugated iron sheet,,2. NO,1. YES,1. YES,1. YES
150101010101026,2. URBAN,15. DIRE DAWA,01,01,1,1,010,26,2. NO,1. YES,1. YES,1. YES,2. NO,10. Mud bricks (traditional),,1. Corrugated iron sheet,,2. NO,1. YES,1. YES,1. YES
150101010110304,2. URBAN,15. DIRE DAWA,01,01,1,1,103,04,1. YES,1. YES,1. YES,1. YES,2. NO,"7. Blocks, plastered with cement",,1. Corrugated iron sheet,,2. NO,1. YES,1. YES,1. YES
150101010110317,2. URBAN,15. DIRE DAWA,01,01,1,1,103,17,1. YES,1. YES,1. YES,1. YES,2. NO,"7. Blocks, plastered with cement",,1. Corrugated iron sheet,,2. NO,1. YES,1. YES,1. YES
150101088800302,1. RURAL,15. DIRE DAWA,01,01,8,88,003,02,2. NO,2. NO,1. YES,1. YES,1. YES,1. Wood and mud,,1. Corrugated iron sheet,,2. NO,1. YES,2. NO,2. NO
150101088800411,2. URBAN,15. DIRE DAWA,01,01,8,88,004,11,1. YES,1. YES,1. YES,1. YES,2. NO,"7. Blocks, plastered with cement",,1. Corrugated iron sheet,,2. NO,1. YES,1. YES,1. YES
150101088800501,1. RURAL,15. DIRE DAWA,01,01,8,88,005,01,2. NO,1. YES,1. YES,1. YES,1. YES,6. Stone and cement,,1. Corrugated iron sheet,,1. YES,2. NO,,2. NO
150101088801007,1. RURAL,15. DIRE DAWA,01,01,8,88,010,07,2. NO,2. NO,1. YES,1. YES,2. NO,2. Wood and Thatch,,6. Plastic Canvas,,2. NO,1. YES,2. NO,2. NO
150101088801401,1. RURAL,15. DIRE DAWA,01,01,8,88,014,01,2. NO,2. NO,2. NO,1. YES,2. NO,1. Wood and mud,,4. Wood and Mud,,2. NO,2. NO,,2. NO
150101088801705,1. RURAL,15. DIRE DAWA,01,01,8,88,017,05,2. NO,1. YES,1. YES,1. YES,2. NO,1. Wood and mud,,4. Wood and Mud,,2. NO,2. NO,,2. NO
150101088802010,1. RURAL,15. DIRE DAWA,01,01,8,88,020,10,1. YES,1. YES,1. YES,1. YES,2. NO,1. Wood and mud,,1. Corrugated iron sheet,,2. NO,2. NO,,2. NO
150101088802301,1. RURAL,15. DIRE DAWA,01,01,8,88,023,01,2. NO,2. NO,2. NO,2. NO,2. NO,5. Stone and mud,,4. Wood and Mud,,2. NO,2. NO,,2. NO
150101088802507,1. RURAL,15. DIRE DAWA,01,01,8,88,025,07,2. NO,1. YES,1. YES,1. YES,2. NO,1. Wood and mud,,1. Corrugated iron sheet,,2. NO,2. NO,,2. NO
150101088802704,1. RURAL,15. DIRE DAWA,01,01,8,88,027,04,2. NO,2. NO,2. NO,1. YES,2. NO,3. Wood,,4. Wood and Mud,,2. NO,2. NO,,2. NO
150101088802908,2. URBAN,15. DIRE DAWA,01,01,8,88,029,08,1. YES,1. YES,1. YES,1. YES,2. NO,"7. Blocks, plastered with cement",,1. Corrugated iron sheet,,2. NO,1. YES,1. YES,1. YES
150101088803105,1. RURAL,15. DIRE DAWA,01,01,8,88,031,05,1. YES,1. YES,1. YES,1. YES,2. NO,4. Stone,,1. Corrugated iron sheet,,2. NO,2. NO,,1. YES
150101088803404,1. RURAL,15. DIRE DAWA,01,01,8,88,034,04,1. YES,1. YES,1. YES,1. YES,1. YES,4. Stone,,1. Corrugated iron sheet,,2. NO,2. NO,,2. NO
150101088803701,1. RURAL,15. DIRE DAWA,01,01,8,88,037,01,2. NO,1. YES,1. YES,1. YES,2. NO,4. Stone,,1. Corrugated iron sheet,,2. NO,1. YES,1. YES,1. YES
