ea_id,saq14,saq01,saq02,saq03,saq04,saq05,saq06,saq07,cs10q01,cs10q01_oth,cs10q04a,cs10q04b,cs10q04c,cs10q05__Latitude,cs10q05__Longitude,cs10q05__Accuracy,cs10q05__Altitude,cs10q05__Timestamp
010101088800910,1. RURAL,1. TIGRAY,01,01,8,88,009,10,1. MARKETPLACE,,22,10. June,2011,**CONFIDENTIAL**,**CONFIDENTIAL**,**CONFIDENTIAL**,**CONFIDENTIAL**,**CONFIDENTIAL**
010102088801010,1. RURAL,1. TIGRAY,01,02,8,88,010,10,1. MARKETPLACE,,17,10. June,2011,**CONFIDENTIAL**,**CONFIDENTIAL**,**CONFIDENTIAL**,**CONFIDENTIAL**,**CONFIDENTIAL**
010103088800709,1. RURAL,1. TIGRAY,01,03,8,88,007,09,1. MARKETPLACE,,27,10. June,2011,**CONFIDENTIAL**,**CONFIDENTIAL**,**CONFIDENTIAL**,**CONFIDENTIAL**,**CONFIDENTIAL**
010104010100101,2. URBAN,1. TIGRAY,01,04,1,1,001,01,1. MARKETPLACE,,22,10. June,2019,**CONFIDENTIAL**,**CONFIDENTIAL**,**CONFIDENTIAL**,**CONFIDENTIAL**,**CONFIDENTIAL**
010104088800405,1. RURAL,1. TIGRAY,01,04,8,88,004,05,3. OTHER (SPECIFY),kegebeya ena suk,28,10. June,2011,**CONFIDENTIAL**,**CONFIDENTIAL**,**CONFIDENTIAL**,**CONFIDENTIAL**,**CONFIDENTIAL**
010105088800712,1. RURAL,1. TIGRAY,01,05,8,88,007,12,3. OTHER (SPECIFY),Gebeya ena Suk,16,10. June,2011,**CONFIDENTIAL**,**CONFIDENTIAL**,**CONFIDENTIAL**,**CONFIDENTIAL**,**CONFIDENTIAL**
010105088802215,1. RURAL,1. TIGRAY,01,05,8,88,022,15,1. MARKETPLACE,,14,10. June,2011,**CONFIDENTIAL**,**CONFIDENTIAL**,**CONFIDENTIAL**,**CONFIDENTIAL**,**CONFIDENTIAL**
010106088801204,1. RURAL,1. TIGRAY,01,06,8,88,012,04,1. MARKETPLACE,,15,10. June,2011,**CONFIDENTIAL**,**CONFIDENTIAL**,**CONFIDENTIAL**,**CONFIDENTIAL**,**CONFIDENTIAL**
010107010100213,2. URBAN,1. TIGRAY,01,07,1,1,002,13,1. MARKETPLACE,,4,10. June,2011,**CONFIDENTIAL**,**CONFIDENTIAL**,**CONFIDENTIAL**,**CONFIDENTIAL**,**CONFIDENTIAL**
010108010100218,2. URBAN,1. TIGRAY,01,08,1,1,002,18,1. MARKETPLACE,,21,10. June,2019,**CONFIDENTIAL**,**CONFIDENTIAL**,**CONFIDENTIAL**,**CONFIDENTIAL**,**CONFIDENTIAL**
010201088801806,1. RURAL,1. TIGRAY,02,01,8,88,018,06,1. MARKETPLACE,,25,10. June,2011,**CONFIDENTIAL**,**CONFIDENTIAL**,**CONFIDENTIAL**,**CONFIDENTIAL**,**CONFIDENTIAL**
010202088801509,1. RURAL,1. TIGRAY,02,02,8,88,015,09,1. MARKETPLACE,,9,10. June,2011,**CONFIDENTIAL**,**CONFIDENTIAL**,**CONFIDENTIAL**,**CONFIDENTIAL**,**CONFIDENTIAL**
010203020100103,2. URBAN,1. TIGRAY,02,03,2,1,001,03,1. MARKETPLACE,,26,10. June,2008,**CONFIDENTIAL**,**CONFIDENTIAL**,**CONFIDENTIAL**,**CONFIDENTIAL**,**CONFIDENTIAL**
010203088800910,1. RURAL,1. TIGRAY,02,03,8,88,009,10,1. MARKETPLACE,,23,10. June,2011,**CONFIDENTIAL**,**CONFIDENTIAL**,**CONFIDENTIAL**,**CONFIDENTIAL**,**CONFIDENTIAL**
010204088800713,1. RURAL,1. TIGRAY,02,04,8,88,007,13,1. MARKETPLACE,,23,10. June,2011,**CONFIDENTIAL**,**CONFIDENTIAL**,**CONFIDENTIAL**,**CONFIDENTIAL**,**CONFIDENTIAL**
010205088801106,1. RURAL,1. TIGRAY,02,05,8,88,011,06,1. MARKETPLACE,,13,10. June,2011,**CONFIDENTIAL**,**CONFIDENTIAL**,**CONFIDENTIAL**,**CONFIDENTIAL**,**CONFIDENTIAL**
010206088801508,1. RURAL,1. TIGRAY,02,06,8,88,015,08,1. MARKETPLACE,,10,10. June,2011,**CONFIDENTIAL**,**CONFIDENTIAL**,**CONFIDENTIAL**,**CONFIDENTIAL**,**CONFIDENTIAL**
010207088802009,1. RURAL,1. TIGRAY,02,07,8,88,020,09,1. MARKETPLACE,,27,10. June,2011,**CONFIDENTIAL**,**CONFIDENTIAL**,**CONFIDENTIAL**,**CONFIDENTIAL**,**CONFIDENTIAL**
010208088802007,1. RURAL,1. TIGRAY,02,08,8,88,020,07,2. SHOPS/STALLS,,23,10. June,2011,**CONFIDENTIAL**,**CONFIDENTIAL**,**CONFIDENTIAL**,**CONFIDENTIAL**,**CONFIDENTIAL**
010209010100218,2. URBAN,1. TIGRAY,02,09,1,1,002,18,1. MARKETPLACE,,24,10. June,2008,**CONFIDENTIAL**,**CONFIDENTIAL**,**CONFIDENTIAL**,**CONFIDENTIAL**,**CONFIDENTIAL**
010210088801507,1. RURAL,1. TIGRAY,02,10,8,88,015,07,1. MARKETPLACE,,22,10. June,2011,**CONFIDENTIAL**,**CONFIDENTIAL**,**CONFIDENTIAL**,**CONFIDENTIAL**,**CONFIDENTIAL**
010211010100302,2. URBAN,1. TIGRAY,02,11,1,1,003,02,1. MARKETPLACE,,23,10. June,2008,**CONFIDENTIAL**,**CONFIDENTIAL**,**CONFIDENTIAL**,**CONFIDENTIAL**,**CONFIDENTIAL**
010212010100510,2. URBAN,1. TIGRAY,02,12,1,1,005,10,1. MARKETPLACE,,23,10. June,2008,**CONFIDENTIAL**,**CONFIDENTIAL**,**CONFIDENTIAL**,**CONFIDENTIAL**,**CONFIDENTIAL**
010302088800603,1. RURAL,1. TIGRAY,03,02,8,88,006,03,1. MARKETPLACE,,15,10. June,2011,**CONFIDENTIAL**,**CONFIDENTIAL**,**CONFIDENTIAL**,**CONFIDENTIAL**,**CONFIDENTIAL**
010303088802005,1. RURAL,1. TIGRAY,03,03,8,88,020,05,1. MARKETPLACE,,24,10. June,2011,**CONFIDENTIAL**,**CONFIDENTIAL**,**CONFIDENTIAL**,**CONFIDENTIAL**,**CONFIDENTIAL**
010304088801407,1. RURAL,1. TIGRAY,03,04,8,88,014,07,1. MARKETPLACE,,27,10. June,2011,**CONFIDENTIAL**,**CONFIDENTIAL**,**CONFIDENTIAL**,**CONFIDENTIAL**,**CONFIDENTIAL**
010305088801602,1. RURAL,1. TIGRAY,03,05,8,88,016,02,1. MARKETPLACE,,23,10. June,2011,**CONFIDENTIAL**,**CONFIDENTIAL**,**CONFIDENTIAL**,**CONFIDENTIAL**,**CONFIDENTIAL**
010306010100104,2. URBAN,1. TIGRAY,03,06,1,1,001,04,1. MARKETPLACE,,15,10. June,2008,**CONFIDENTIAL**,**CONFIDENTIAL**,**CONFIDENTIAL**,**CONFIDENTIAL**,**CONFIDENTIAL**
010306088801803,1. RURAL,1. TIGRAY,03,06,8,88,018,03,2. SHOPS/STALLS,,30,10. June,2011,**CONFIDENTIAL**,**CONFIDENTIAL**,**CONFIDENTIAL**,**CONFIDENTIAL**,**CONFIDENTIAL**
010307088801303,1. RURAL,1. TIGRAY,03,07,8,88,013,03,2. SHOPS/STALLS,,23,10. June,2008,**CONFIDENTIAL**,**CONFIDENTIAL**,**CONFIDENTIAL**,**CONFIDENTIAL**,**CONFIDENTIAL**
010308010100402,2. URBAN,1. TIGRAY,03,08,1,1,004,02,1. MARKETPLACE,,19,10. June,2008,**CONFIDENTIAL**,**CONFIDENTIAL**,**CONFIDENTIAL**,**CONFIDENTIAL**,**CONFIDENTIAL**
010309010100311,2. URBAN,1. TIGRAY,03,09,1,1,003,11,1. MARKETPLACE,,20,10. June,2008,**CONFIDENTIAL**,**CONFIDENTIAL**,**CONFIDENTIAL**,**CONFIDENTIAL**,**CONFIDENTIAL**
010401088800209,1. RURAL,1. TIGRAY,04,01,8,88,002,09,1. MARKETPLACE,,15,10. June,2011,**CONFIDENTIAL**,**CONFIDENTIAL**,**CONFIDENTIAL**,**CONFIDENTIAL**,**CONFIDENTIAL**
010401088801804,1. RURAL,1. TIGRAY,04,01,8,88,018,04,1. MARKETPLACE,,22,10. June,2011,**CONFIDENTIAL**,**CONFIDENTIAL**,**CONFIDENTIAL**,**CONFIDENTIAL**,**CONFIDENTIAL**
010403088800201,1. RURAL,1. TIGRAY,04,03,8,88,002,01,1. MARKETPLACE,,12,10. June,2011,**CONFIDENTIAL**,**CONFIDENTIAL**,**CONFIDENTIAL**,**CONFIDENTIAL**,**CONFIDENTIAL**
010403088801801,1. RURAL,1. TIGRAY,04,03,8,88,018,01,1. MARKETPLACE,,19,10. June,2011,**CONFIDENTIAL**,**CONFIDENTIAL**,**CONFIDENTIAL**,**CONFIDENTIAL**,**CONFIDENTIAL**
010405010100123,2. URBAN,1. TIGRAY,04,05,1,1,001,23,1. MARKETPLACE,,26,10. June,2008,**CONFIDENTIAL**,**CONFIDENTIAL**,**CONFIDENTIAL**,**CONFIDENTIAL**,**CONFIDENTIAL**
010405088800102,1. RURAL,1. TIGRAY,04,05,8,88,001,02,1. MARKETPLACE,,15,10. June,2011,**CONFIDENTIAL**,**CONFIDENTIAL**,**CONFIDENTIAL**,**CONFIDENTIAL**,**CONFIDENTIAL**
010408010100204,2. URBAN,1. TIGRAY,04,08,1,1,002,04,1. MARKETPLACE,,26,10. June,2008,**CONFIDENTIAL**,**CONFIDENTIAL**,**CONFIDENTIAL**,**CONFIDENTIAL**,**CONFIDENTIAL**
010501088800902,1. RURAL,1. TIGRAY,05,01,8,88,009,02,2. SHOPS/STALLS,,25,10. June,2011,**CONFIDENTIAL**,**CONFIDENTIAL**,**CONFIDENTIAL**,**CONFIDENTIAL**,**CONFIDENTIAL**
010502020100102,2. URBAN,1. TIGRAY,05,02,2,1,001,02,1. MARKETPLACE,,24,10. June,2019,**CONFIDENTIAL**,**CONFIDENTIAL**,**CONFIDENTIAL**,**CONFIDENTIAL**,**CONFIDENTIAL**
010502088801410,1. RURAL,1. TIGRAY,05,02,8,88,014,10,3. OTHER (SPECIFY),gebeya ena suk,14,10. June,2011,**CONFIDENTIAL**,**CONFIDENTIAL**,**CONFIDENTIAL**,**CONFIDENTIAL**,**CONFIDENTIAL**
010503088800803,1. RURAL,1. TIGRAY,05,03,8,88,008,03,3. OTHER (SPECIFY),tnsh gebeya ena suk,12,10. June,2011,**CONFIDENTIAL**,**CONFIDENTIAL**,**CONFIDENTIAL**,**CONFIDENTIAL**,**CONFIDENTIAL**
010601010100215,2. URBAN,1. TIGRAY,06,01,1,1,002,15,1. MARKETPLACE,,25,10. June,2008,**CONFIDENTIAL**,**CONFIDENTIAL**,**CONFIDENTIAL**,**CONFIDENTIAL**,**CONFIDENTIAL**
010602010100216,2. URBAN,1. TIGRAY,06,02,1,1,002,16,1. MARKETPLACE,,13,10. June,2008,**CONFIDENTIAL**,**CONFIDENTIAL**,**CONFIDENTIAL**,**CONFIDENTIAL**,**CONFIDENTIAL**
010604010100137,2. URBAN,1. TIGRAY,06,04,1,1,001,37,1. MARKETPLACE,,29,10. June,2011,**CONFIDENTIAL**,**CONFIDENTIAL**,**CONFIDENTIAL**,**CONFIDENTIAL**,**CONFIDENTIAL**
010605010100313,2. URBAN,1. TIGRAY,06,05,1,1,003,13,1. MARKETPLACE,,24,10. June,2011,**CONFIDENTIAL**,**CONFIDENTIAL**,**CONFIDENTIAL**,**CONFIDENTIAL**,**CONFIDENTIAL**
010606010100423,2. URBAN,1. TIGRAY,06,06,1,1,004,23,1. MARKETPLACE,,25,10. June,2011,**CONFIDENTIAL**,**CONFIDENTIAL**,**CONFIDENTIAL**,**CONFIDENTIAL**,**CONFIDENTIAL**
010701088802004,1. RURAL,1. TIGRAY,07,01,8,88,020,04,1. MARKETPLACE,,18,10. June,2008,**CONFIDENTIAL**,**CONFIDENTIAL**,**CONFIDENTIAL**,**CONFIDENTIAL**,**CONFIDENTIAL**
010702010100112,2. URBAN,1. TIGRAY,07,02,1,1,001,12,1. MARKETPLACE,,23,10. June,2008,**CONFIDENTIAL**,**CONFIDENTIAL**,**CONFIDENTIAL**,**CONFIDENTIAL**,**CONFIDENTIAL**
010702088801409,1. RURAL,1. TIGRAY,07,02,8,88,014,09,1. MARKETPLACE,,15,10. June,2008,**CONFIDENTIAL**,**CONFIDENTIAL**,**CONFIDENTIAL**,**CONFIDENTIAL**,**CONFIDENTIAL**
010703088801107,1. RURAL,1. TIGRAY,07,03,8,88,011,07,2. SHOPS/STALLS,,25,10. June,2011,**CONFIDENTIAL**,**CONFIDENTIAL**,**CONFIDENTIAL**,**CONFIDENTIAL**,**CONFIDENTIAL**
010704088800402,1. RURAL,1. TIGRAY,07,04,8,88,004,02,2. SHOPS/STALLS,,13,10. June,2008,**CONFIDENTIAL**,**CONFIDENTIAL**,**CONFIDENTIAL**,**CONFIDENTIAL**,**CONFIDENTIAL**
020101010100104,2. URBAN,2. AFAR,01,01,1,1,001,04,2. SHOPS/STALLS,,12,10. June,2011,**CONFIDENTIAL**,**CONFIDENTIAL**,**CONFIDENTIAL**,**CONFIDENTIAL**,**CONFIDENTIAL**
020101088800704,1. RURAL,2. AFAR,01,01,8,88,007,04,2. SHOPS/STALLS,,15,10. June,2011,**CONFIDENTIAL**,**CONFIDENTIAL**,**CONFIDENTIAL**,**CONFIDENTIAL**,**CONFIDENTIAL**
020102010100103,2. URBAN,2. AFAR,01,02,1,1,001,03,2. SHOPS/STALLS,,15,8. April,2011,**CONFIDENTIAL**,**CONFIDENTIAL**,**CONFIDENTIAL**,**CONFIDENTIAL**,**CONFIDENTIAL**
020103088800401,1. RURAL,2. AFAR,01,03,8,88,004,01,2. SHOPS/STALLS,,16,10. June,2011,**CONFIDENTIAL**,**CONFIDENTIAL**,**CONFIDENTIAL**,**CONFIDENTIAL**,**CONFIDENTIAL**
020103088801102,1. RURAL,2. AFAR,01,03,8,88,011,02,1. MARKETPLACE,,10,10. June,2011,**CONFIDENTIAL**,**CONFIDENTIAL**,**CONFIDENTIAL**,**CONFIDENTIAL**,**CONFIDENTIAL**
020106010100102,2. URBAN,2. AFAR,01,06,1,1,001,02,1. MARKETPLACE,,22,10. June,2011,**CONFIDENTIAL**,**CONFIDENTIAL**,**CONFIDENTIAL**,**CONFIDENTIAL**,**CONFIDENTIAL**
020106088801201,1. RURAL,2. AFAR,01,06,8,88,012,01,2. SHOPS/STALLS,,21,10. June,2011,**CONFIDENTIAL**,**CONFIDENTIAL**,**CONFIDENTIAL**,**CONFIDENTIAL**,**CONFIDENTIAL**
020108088800804,1. RURAL,2. AFAR,01,08,8,88,008,04,1. MARKETPLACE,,19,10. June,2011,**CONFIDENTIAL**,**CONFIDENTIAL**,**CONFIDENTIAL**,**CONFIDENTIAL**,**CONFIDENTIAL**
020201088800301,1. RURAL,2. AFAR,02,01,8,88,003,01,2. SHOPS/STALLS,,14,10. June,2011,**CONFIDENTIAL**,**CONFIDENTIAL**,**CONFIDENTIAL**,**CONFIDENTIAL**,**CONFIDENTIAL**
020202020100102,2. URBAN,2. AFAR,02,02,2,1,001,02,1. MARKETPLACE,,17,10. June,2011,**CONFIDENTIAL**,**CONFIDENTIAL**,**CONFIDENTIAL**,**CONFIDENTIAL**,**CONFIDENTIAL**
020202088800202,1. RURAL,2. AFAR,02,02,8,88,002,02,1. MARKETPLACE,,17,10. June,2011,**CONFIDENTIAL**,**CONFIDENTIAL**,**CONFIDENTIAL**,**CONFIDENTIAL**,**CONFIDENTIAL**
020203010100206,2. URBAN,2. AFAR,02,03,1,1,002,06,1. MARKETPLACE,,12,9. May,2011,**CONFIDENTIAL**,**CONFIDENTIAL**,**CONFIDENTIAL**,**CONFIDENTIAL**,**CONFIDENTIAL**
020203088800202,1. RURAL,2. AFAR,02,03,8,88,002,02,2. SHOPS/STALLS,,21,10. June,2011,**CONFIDENTIAL**,**CONFIDENTIAL**,**CONFIDENTIAL**,**CONFIDENTIAL**,**CONFIDENTIAL**
020203088800905,1. RURAL,2. AFAR,02,03,8,88,009,05,1. MARKETPLACE,,15,10. June,2011,**CONFIDENTIAL**,**CONFIDENTIAL**,**CONFIDENTIAL**,**CONFIDENTIAL**,**CONFIDENTIAL**
020205088800207,1. RURAL,2. AFAR,02,05,8,88,002,07,1. MARKETPLACE,,19,10. June,2011,**CONFIDENTIAL**,**CONFIDENTIAL**,**CONFIDENTIAL**,**CONFIDENTIAL**,**CONFIDENTIAL**
020205088800715,1. RURAL,2. AFAR,02,05,8,88,007,15,1. MARKETPLACE,,17,10. June,2011,**CONFIDENTIAL**,**CONFIDENTIAL**,**CONFIDENTIAL**,**CONFIDENTIAL**,**CONFIDENTIAL**
020206088800113,1. RURAL,2. AFAR,02,06,8,88,001,13,2. SHOPS/STALLS,,23,10. June,2011,**CONFIDENTIAL**,**CONFIDENTIAL**,**CONFIDENTIAL**,**CONFIDENTIAL**,**CONFIDENTIAL**
020206088800803,1. RURAL,2. AFAR,02,06,8,88,008,03,1. MARKETPLACE,,21,10. June,2011,**CONFIDENTIAL**,**CONFIDENTIAL**,**CONFIDENTIAL**,**CONFIDENTIAL**,**CONFIDENTIAL**
020206088801304,1. RURAL,2. AFAR,02,06,8,88,013,04,1. MARKETPLACE,,22,10. June,2011,**CONFIDENTIAL**,**CONFIDENTIAL**,**CONFIDENTIAL**,**CONFIDENTIAL**,**CONFIDENTIAL**
020207010100104,2. URBAN,2. AFAR,02,07,1,1,001,04,2. SHOPS/STALLS,,13,10. June,2011,**CONFIDENTIAL**,**CONFIDENTIAL**,**CONFIDENTIAL**,**CONFIDENTIAL**,**CONFIDENTIAL**
020301020100111,2. URBAN,2. AFAR,03,01,2,1,001,11,1. MARKETPLACE,,17,10. June,2011,**CONFIDENTIAL**,**CONFIDENTIAL**,**CONFIDENTIAL**,**CONFIDENTIAL**,**CONFIDENTIAL**
020301088800303,1. RURAL,2. AFAR,03,01,8,88,003,03,2. SHOPS/STALLS,,12,10. June,2011,**CONFIDENTIAL**,**CONFIDENTIAL**,**CONFIDENTIAL**,**CONFIDENTIAL**,**CONFIDENTIAL**
020302088800306,1. RURAL,2. AFAR,03,02,8,88,003,06,2. SHOPS/STALLS,,9,10. June,2008,**CONFIDENTIAL**,**CONFIDENTIAL**,**CONFIDENTIAL**,**CONFIDENTIAL**,**CONFIDENTIAL**
020303020100103,2. URBAN,2. AFAR,03,03,2,1,001,03,2. SHOPS/STALLS,,26,10. June,2011,**CONFIDENTIAL**,**CONFIDENTIAL**,**CONFIDENTIAL**,**CONFIDENTIAL**,**CONFIDENTIAL**
020303088800501,1. RURAL,2. AFAR,03,03,8,88,005,01,2. SHOPS/STALLS,,22,10. June,2011,**CONFIDENTIAL**,**CONFIDENTIAL**,**CONFIDENTIAL**,**CONFIDENTIAL**,**CONFIDENTIAL**
020304088800703,1. RURAL,2. AFAR,03,04,8,88,007,03,1. MARKETPLACE,,20,10. June,2011,**CONFIDENTIAL**,**CONFIDENTIAL**,**CONFIDENTIAL**,**CONFIDENTIAL**,**CONFIDENTIAL**
020305010100306,2. URBAN,2. AFAR,03,05,1,1,003,06,1. MARKETPLACE,,15,10. June,2011,**CONFIDENTIAL**,**CONFIDENTIAL**,**CONFIDENTIAL**,**CONFIDENTIAL**,**CONFIDENTIAL**
020305010100601,2. URBAN,2. AFAR,03,05,1,1,006,01,1. MARKETPLACE,,27,10. June,2008,**CONFIDENTIAL**,**CONFIDENTIAL**,**CONFIDENTIAL**,**CONFIDENTIAL**,**CONFIDENTIAL**
020306088800903,1. RURAL,2. AFAR,03,06,8,88,009,03,1. MARKETPLACE,,18,10. June,2011,**CONFIDENTIAL**,**CONFIDENTIAL**,**CONFIDENTIAL**,**CONFIDENTIAL**,**CONFIDENTIAL**
020401088800602,1. RURAL,2. AFAR,04,01,8,88,006,02,2. SHOPS/STALLS,,25,10. June,2011,**CONFIDENTIAL**,**CONFIDENTIAL**,**CONFIDENTIAL**,**CONFIDENTIAL**,**CONFIDENTIAL**
020403010100102,2. URBAN,2. AFAR,04,03,1,1,001,02,2. SHOPS/STALLS,,26,10. June,2011,**CONFIDENTIAL**,**CONFIDENTIAL**,**CONFIDENTIAL**,**CONFIDENTIAL**,**CONFIDENTIAL**
020403088800302,1. RURAL,2. AFAR,04,03,8,88,003,02,1. MARKETPLACE,,26,10. June,2011,**CONFIDENTIAL**,**CONFIDENTIAL**,**CONFIDENTIAL**,**CONFIDENTIAL**,**CONFIDENTIAL**
020404088800501,1. RURAL,2. AFAR,04,04,8,88,005,01,1. MARKETPLACE,,24,10. June,2011,**CONFIDENTIAL**,**CONFIDENTIAL**,**CONFIDENTIAL**,**CONFIDENTIAL**,**CONFIDENTIAL**
020405088800405,1. RURAL,2. AFAR,04,05,8,88,004,05,1. MARKETPLACE,,24,10. June,2011,**CONFIDENTIAL**,**CONFIDENTIAL**,**CONFIDENTIAL**,**CONFIDENTIAL**,**CONFIDENTIAL**
020501088800601,1. RURAL,2. AFAR,05,01,8,88,006,01,2. SHOPS/STALLS,,19,10. June,2008,**CONFIDENTIAL**,**CONFIDENTIAL**,**CONFIDENTIAL**,**CONFIDENTIAL**,**CONFIDENTIAL**
020502088800303,1. RURAL,2. AFAR,05,02,8,88,003,03,2. SHOPS/STALLS,,20,10. June,2008,**CONFIDENTIAL**,**CONFIDENTIAL**,**CONFIDENTIAL**,**CONFIDENTIAL**,**CONFIDENTIAL**
020502088801101,1. RURAL,2. AFAR,05,02,8,88,011,01,2. SHOPS/STALLS,,22,10. June,2008,**CONFIDENTIAL**,**CONFIDENTIAL**,**CONFIDENTIAL**,**CONFIDENTIAL**,**CONFIDENTIAL**
020503010100101,2. URBAN,2. AFAR,05,03,1,1,001,01,1. MARKETPLACE,,14,10. June,2011,**CONFIDENTIAL**,**CONFIDENTIAL**,**CONFIDENTIAL**,**CONFIDENTIAL**,**CONFIDENTIAL**
020504088800505,1. RURAL,2. AFAR,05,04,8,88,005,05,1. MARKETPLACE,,10,10. June,2008,**CONFIDENTIAL**,**CONFIDENTIAL**,**CONFIDENTIAL**,**CONFIDENTIAL**,**CONFIDENTIAL**
020504088801102,1. RURAL,2. AFAR,05,04,8,88,011,02,1. MARKETPLACE,,12,10. June,2008,**CONFIDENTIAL**,**CONFIDENTIAL**,**CONFIDENTIAL**,**CONFIDENTIAL**,**CONFIDENTIAL**
020601010100306,2. URBAN,2. AFAR,06,01,1,1,003,06,1. MARKETPLACE,,17,10. June,2011,**CONFIDENTIAL**,**CONFIDENTIAL**,**CONFIDENTIAL**,**CONFIDENTIAL**,**CONFIDENTIAL**
020601010100330,2. URBAN,2. AFAR,06,01,1,1,003,30,1. MARKETPLACE,,17,10. June,2011,**CONFIDENTIAL**,**CONFIDENTIAL**,**CONFIDENTIAL**,**CONFIDENTIAL**,**CONFIDENTIAL**
030103088803101,1. RURAL,3. AMHARA,01,03,8,88,031,01,1. MARKETPLACE,,12,10. June,2011,**CONFIDENTIAL**,**CONFIDENTIAL**,**CONFIDENTIAL**,**CONFIDENTIAL**,**CONFIDENTIAL**
030106088801805,1. RURAL,3. AMHARA,01,06,8,88,018,05,3. OTHER (SPECIFY),Gebeya Kmiyawk Gileseb,9,10. June,2011,**CONFIDENTIAL**,**CONFIDENTIAL**,**CONFIDENTIAL**,**CONFIDENTIAL**,**CONFIDENTIAL**
030202088802410,1. RURAL,3. AMHARA,02,02,8,88,024,10,1. MARKETPLACE,,12,10. June,2011,**CONFIDENTIAL**,**CONFIDENTIAL**,**CONFIDENTIAL**,**CONFIDENTIAL**,**CONFIDENTIAL**
030206010100105,2. URBAN,3. AMHARA,02,06,1,1,001,05,1. MARKETPLACE,,12,10. June,2008,**CONFIDENTIAL**,**CONFIDENTIAL**,**CONFIDENTIAL**,**CONFIDENTIAL**,**CONFIDENTIAL**
030206088800908,1. RURAL,3. AMHARA,02,06,8,88,009,08,1. MARKETPLACE,,7,7. March,2011,**CONFIDENTIAL**,**CONFIDENTIAL**,**CONFIDENTIAL**,**CONFIDENTIAL**,**CONFIDENTIAL**
030209088803514,1. RURAL,3. AMHARA,02,09,8,88,035,14,1. MARKETPLACE,,15,10. June,2011,**CONFIDENTIAL**,**CONFIDENTIAL**,**CONFIDENTIAL**,**CONFIDENTIAL**,**CONFIDENTIAL**
030214020100104,2. URBAN,3. AMHARA,02,14,2,1,001,04,1. MARKETPLACE,,8,10. June,2008,**CONFIDENTIAL**,**CONFIDENTIAL**,**CONFIDENTIAL**,**CONFIDENTIAL**,**CONFIDENTIAL**
030303088800803,1. RURAL,3. AMHARA,03,03,8,88,008,03,1. MARKETPLACE,,19,10. June,2011,**CONFIDENTIAL**,**CONFIDENTIAL**,**CONFIDENTIAL**,**CONFIDENTIAL**,**CONFIDENTIAL**
030307088802601,1. RURAL,3. AMHARA,03,07,8,88,026,01,1. MARKETPLACE,,25,10. June,2011,**CONFIDENTIAL**,**CONFIDENTIAL**,**CONFIDENTIAL**,**CONFIDENTIAL**,**CONFIDENTIAL**
030309010100310,2. URBAN,3. AMHARA,03,09,1,1,003,10,1. MARKETPLACE,,21,10. June,2008,**CONFIDENTIAL**,**CONFIDENTIAL**,**CONFIDENTIAL**,**CONFIDENTIAL**,**CONFIDENTIAL**
030312088800504,1. RURAL,3. AMHARA,03,12,8,88,005,04,1. MARKETPLACE,,24,10. June,2011,**CONFIDENTIAL**,**CONFIDENTIAL**,**CONFIDENTIAL**,**CONFIDENTIAL**,**CONFIDENTIAL**
030401088801512,1. RURAL,3. AMHARA,04,01,8,88,015,12,1. MARKETPLACE,,23,10. June,2008,**CONFIDENTIAL**,**CONFIDENTIAL**,**CONFIDENTIAL**,**CONFIDENTIAL**,**CONFIDENTIAL**
030404088801907,1. RURAL,3. AMHARA,04,04,8,88,019,07,1. MARKETPLACE,,29,10. June,2011,**CONFIDENTIAL**,**CONFIDENTIAL**,**CONFIDENTIAL**,**CONFIDENTIAL**,**CONFIDENTIAL**
030409010100102,2. URBAN,3. AMHARA,04,09,1,1,001,02,2. SHOPS/STALLS,,11,10. June,2008,**CONFIDENTIAL**,**CONFIDENTIAL**,**CONFIDENTIAL**,**CONFIDENTIAL**,**CONFIDENTIAL**
030409088800307,1. RURAL,3. AMHARA,04,09,8,88,003,07,1. MARKETPLACE,,22,10. June,2011,**CONFIDENTIAL**,**CONFIDENTIAL**,**CONFIDENTIAL**,**CONFIDENTIAL**,**CONFIDENTIAL**
030412088800503,1. RURAL,3. AMHARA,04,12,8,88,005,03,1. MARKETPLACE,,23,10. June,2008,**CONFIDENTIAL**,**CONFIDENTIAL**,**CONFIDENTIAL**,**CONFIDENTIAL**,**CONFIDENTIAL**
030416088801301,1. RURAL,3. AMHARA,04,16,8,88,013,01,1. MARKETPLACE,,18,10. June,2008,**CONFIDENTIAL**,**CONFIDENTIAL**,**CONFIDENTIAL**,**CONFIDENTIAL**,**CONFIDENTIAL**
030421010100402,2. URBAN,3. AMHARA,04,21,1,1,004,02,2. SHOPS/STALLS,,22,10. June,2008,**CONFIDENTIAL**,**CONFIDENTIAL**,**CONFIDENTIAL**,**CONFIDENTIAL**,**CONFIDENTIAL**
030505088800505,1. RURAL,3. AMHARA,05,05,8,88,005,05,1. MARKETPLACE,,16,10. June,2011,**CONFIDENTIAL**,**CONFIDENTIAL**,**CONFIDENTIAL**,**CONFIDENTIAL**,**CONFIDENTIAL**
030512088800206,1. RURAL,3. AMHARA,05,12,8,88,002,06,1. MARKETPLACE,,18,10. June,2011,**CONFIDENTIAL**,**CONFIDENTIAL**,**CONFIDENTIAL**,**CONFIDENTIAL**,**CONFIDENTIAL**
030519088801304,1. RURAL,3. AMHARA,05,19,8,88,013,04,1. MARKETPLACE,,22,10. June,2011,**CONFIDENTIAL**,**CONFIDENTIAL**,**CONFIDENTIAL**,**CONFIDENTIAL**,**CONFIDENTIAL**
030526010100201,2. URBAN,3. AMHARA,05,26,1,1,002,01,1. MARKETPLACE,,15,10. June,2011,**CONFIDENTIAL**,**CONFIDENTIAL**,**CONFIDENTIAL**,**CONFIDENTIAL**,**CONFIDENTIAL**
030602088802210,1. RURAL,3. AMHARA,06,02,8,88,022,10,1. MARKETPLACE,,22,10. June,2011,**CONFIDENTIAL**,**CONFIDENTIAL**,**CONFIDENTIAL**,**CONFIDENTIAL**,**CONFIDENTIAL**
030606088800202,1. RURAL,3. AMHARA,06,06,8,88,002,02,1. MARKETPLACE,,17,10. June,2011,**CONFIDENTIAL**,**CONFIDENTIAL**,**CONFIDENTIAL**,**CONFIDENTIAL**,**CONFIDENTIAL**
030610010100110,2. URBAN,3. AMHARA,06,10,1,1,001,10,1. MARKETPLACE,,30,10. June,2011,**CONFIDENTIAL**,**CONFIDENTIAL**,**CONFIDENTIAL**,**CONFIDENTIAL**,**CONFIDENTIAL**
030610088800708,1. RURAL,3. AMHARA,06,10,8,88,007,08,1. MARKETPLACE,,15,10. June,2011,**CONFIDENTIAL**,**CONFIDENTIAL**,**CONFIDENTIAL**,**CONFIDENTIAL**,**CONFIDENTIAL**
030614088801003,1. RURAL,3. AMHARA,06,14,8,88,010,03,1. MARKETPLACE,,19,10. June,2011,**CONFIDENTIAL**,**CONFIDENTIAL**,**CONFIDENTIAL**,**CONFIDENTIAL**,**CONFIDENTIAL**
030616010100207,2. URBAN,3. AMHARA,06,16,1,1,002,07,1. MARKETPLACE,,26,10. June,2011,**CONFIDENTIAL**,**CONFIDENTIAL**,**CONFIDENTIAL**,**CONFIDENTIAL**,**CONFIDENTIAL**
030701088800919,1. RURAL,3. AMHARA,07,01,8,88,009,19,1. MARKETPLACE,,23,10. June,2008,**CONFIDENTIAL**,**CONFIDENTIAL**,**CONFIDENTIAL**,**CONFIDENTIAL**,**CONFIDENTIAL**
030703088802911,1. RURAL,3. AMHARA,07,03,8,88,029,11,1. MARKETPLACE,,29,10. June,2011,**CONFIDENTIAL**,**CONFIDENTIAL**,**CONFIDENTIAL**,**CONFIDENTIAL**,**CONFIDENTIAL**
030706010100103,2. URBAN,3. AMHARA,07,06,1,1,001,03,1. MARKETPLACE,,27,10. June,2011,**CONFIDENTIAL**,**CONFIDENTIAL**,**CONFIDENTIAL**,**CONFIDENTIAL**,**CONFIDENTIAL**
030707088800708,1. RURAL,3. AMHARA,07,07,8,88,007,08,1. MARKETPLACE,,21,10. June,2008,**CONFIDENTIAL**,**CONFIDENTIAL**,**CONFIDENTIAL**,**CONFIDENTIAL**,**CONFIDENTIAL**
030710088801809,1. RURAL,3. AMHARA,07,10,8,88,018,09,1. MARKETPLACE,,29,10. June,2008,**CONFIDENTIAL**,**CONFIDENTIAL**,**CONFIDENTIAL**,**CONFIDENTIAL**,**CONFIDENTIAL**
030714010100520,2. URBAN,3. AMHARA,07,14,1,1,005,20,1. MARKETPLACE,,22,10. June,2011,**CONFIDENTIAL**,**CONFIDENTIAL**,**CONFIDENTIAL**,**CONFIDENTIAL**,**CONFIDENTIAL**
030803030100101,2. URBAN,3. AMHARA,08,03,3,1,001,01,1. MARKETPLACE,,17,10. June,2008,**CONFIDENTIAL**,**CONFIDENTIAL**,**CONFIDENTIAL**,**CONFIDENTIAL**,**CONFIDENTIAL**
030803088802708,1. RURAL,3. AMHARA,08,03,8,88,027,08,1. MARKETPLACE,,19,10. June,2011,**CONFIDENTIAL**,**CONFIDENTIAL**,**CONFIDENTIAL**,**CONFIDENTIAL**,**CONFIDENTIAL**
030808088800201,1. RURAL,3. AMHARA,08,08,8,88,002,01,1. MARKETPLACE,,21,10. June,2008,**CONFIDENTIAL**,**CONFIDENTIAL**,**CONFIDENTIAL**,**CONFIDENTIAL**,**CONFIDENTIAL**
030902088800605,1. RURAL,3. AMHARA,09,02,8,88,006,05,1. MARKETPLACE,,18,10. June,2008,**CONFIDENTIAL**,**CONFIDENTIAL**,**CONFIDENTIAL**,**CONFIDENTIAL**,**CONFIDENTIAL**
030906088802103,1. RURAL,3. AMHARA,09,06,8,88,021,03,1. MARKETPLACE,,29,10. June,2008,**CONFIDENTIAL**,**CONFIDENTIAL**,**CONFIDENTIAL**,**CONFIDENTIAL**,**CONFIDENTIAL**
030910010100304,2. URBAN,3. AMHARA,09,10,1,1,003,04,2. SHOPS/STALLS,,18,10. June,2011,**CONFIDENTIAL**,**CONFIDENTIAL**,**CONFIDENTIAL**,**CONFIDENTIAL**,**CONFIDENTIAL**
031002088801007,1. RURAL,3. AMHARA,10,02,8,88,010,07,1. MARKETPLACE,,17,10. June,2008,**CONFIDENTIAL**,**CONFIDENTIAL**,**CONFIDENTIAL**,**CONFIDENTIAL**,**CONFIDENTIAL**
031004088801803,1. RURAL,3. AMHARA,10,04,8,88,018,03,1. MARKETPLACE,,17,10. June,2011,**CONFIDENTIAL**,**CONFIDENTIAL**,**CONFIDENTIAL**,**CONFIDENTIAL**,**CONFIDENTIAL**
031007010100107,2. URBAN,3. AMHARA,10,07,1,1,001,07,2. SHOPS/STALLS,,17,10. June,2008,**CONFIDENTIAL**,**CONFIDENTIAL**,**CONFIDENTIAL**,**CONFIDENTIAL**,**CONFIDENTIAL**
031101088800314,1. RURAL,3. AMHARA,11,01,8,88,003,14,1. MARKETPLACE,,15,10. June,2011,**CONFIDENTIAL**,**CONFIDENTIAL**,**CONFIDENTIAL**,**CONFIDENTIAL**,**CONFIDENTIAL**
031101088800715,1. RURAL,3. AMHARA,11,01,8,88,007,15,1. MARKETPLACE,,22,10. June,2008,**CONFIDENTIAL**,**CONFIDENTIAL**,**CONFIDENTIAL**,**CONFIDENTIAL**,**CONFIDENTIAL**
031105010500201,2. URBAN,3. AMHARA,11,05,1,5,002,01,1. MARKETPLACE,,30,10. June,2011,**CONFIDENTIAL**,**CONFIDENTIAL**,**CONFIDENTIAL**,**CONFIDENTIAL**,**CONFIDENTIAL**
031201088800105,1. RURAL,3. AMHARA,12,01,8,88,001,05,1. MARKETPLACE,,18,9. May,2008,**CONFIDENTIAL**,**CONFIDENTIAL**,**CONFIDENTIAL**,**CONFIDENTIAL**,**CONFIDENTIAL**
031201088800502,1. RURAL,3. AMHARA,12,01,8,88,005,02,1. MARKETPLACE,,25,10. June,2011,**CONFIDENTIAL**,**CONFIDENTIAL**,**CONFIDENTIAL**,**CONFIDENTIAL**,**CONFIDENTIAL**
031301088800101,1. RURAL,3. AMHARA,13,01,8,88,001,01,1. MARKETPLACE,,24,10. June,2011,**CONFIDENTIAL**,**CONFIDENTIAL**,**CONFIDENTIAL**,**CONFIDENTIAL**,**CONFIDENTIAL**
031301088800401,1. RURAL,3. AMHARA,13,01,8,88,004,01,1. MARKETPLACE,,26,10. June,2011,**CONFIDENTIAL**,**CONFIDENTIAL**,**CONFIDENTIAL**,**CONFIDENTIAL**,**CONFIDENTIAL**
031303010300223,2. URBAN,3. AMHARA,13,03,1,3,002,23,1. MARKETPLACE,,27,10. June,2008,**CONFIDENTIAL**,**CONFIDENTIAL**,**CONFIDENTIAL**,**CONFIDENTIAL**,**CONFIDENTIAL**
031401088800203,1. RURAL,3. AMHARA,14,01,8,88,002,03,2. SHOPS/STALLS,,27,10. June,2011,**CONFIDENTIAL**,**CONFIDENTIAL**,**CONFIDENTIAL**,**CONFIDENTIAL**,**CONFIDENTIAL**
031401088800709,1. RURAL,3. AMHARA,14,01,8,88,007,09,3. OTHER (SPECIFY),Ke Awakie Sewech,20,10. June,2011,**CONFIDENTIAL**,**CONFIDENTIAL**,**CONFIDENTIAL**,**CONFIDENTIAL**,**CONFIDENTIAL**
031405010100309,2. URBAN,3. AMHARA,14,05,1,1,003,09,1. MARKETPLACE,,22,10. June,2011,**CONFIDENTIAL**,**CONFIDENTIAL**,**CONFIDENTIAL**,**CONFIDENTIAL**,**CONFIDENTIAL**
031503088800107,1. RURAL,3. AMHARA,15,03,8,88,001,07,1. MARKETPLACE,,5,10. June,2011,**CONFIDENTIAL**,**CONFIDENTIAL**,**CONFIDENTIAL**,**CONFIDENTIAL**,**CONFIDENTIAL**
031506010100103,2. URBAN,3. AMHARA,15,06,1,1,001,03,1. MARKETPLACE,,8,10. June,2011,**CONFIDENTIAL**,**CONFIDENTIAL**,**CONFIDENTIAL**,**CONFIDENTIAL**,**CONFIDENTIAL**
031506088800509,1. RURAL,3. AMHARA,15,06,8,88,005,09,1. MARKETPLACE,,9,10. June,2011,**CONFIDENTIAL**,**CONFIDENTIAL**,**CONFIDENTIAL**,**CONFIDENTIAL**,**CONFIDENTIAL**
031511088801109,1. RURAL,3. AMHARA,15,11,8,88,011,09,1. MARKETPLACE,,16,10. June,2011,**CONFIDENTIAL**,**CONFIDENTIAL**,**CONFIDENTIAL**,**CONFIDENTIAL**,**CONFIDENTIAL**
031603088801008,1. RURAL,3. AMHARA,16,03,8,88,010,08,2. SHOPS/STALLS,,6,10. June,2011,**CONFIDENTIAL**,**CONFIDENTIAL**,**CONFIDENTIAL**,**CONFIDENTIAL**,**CONFIDENTIAL**
031604088800605,1. RURAL,3. AMHARA,16,04,8,88,006,05,2. SHOPS/STALLS,,9,10. June,2011,**CONFIDENTIAL**,**CONFIDENTIAL**,**CONFIDENTIAL**,**CONFIDENTIAL**,**CONFIDENTIAL**
031605010100105,2. URBAN,3. AMHARA,16,05,1,1,001,05,1. MARKETPLACE,,15,10. June,2011,**CONFIDENTIAL**,**CONFIDENTIAL**,**CONFIDENTIAL**,**CONFIDENTIAL**,**CONFIDENTIAL**
040116010100105,2. URBAN,4. OROMIA,01,16,1,1,001,05,2. SHOPS/STALLS,,21,10. June,2011,**CONFIDENTIAL**,**CONFIDENTIAL**,**CONFIDENTIAL**,**CONFIDENTIAL**,**CONFIDENTIAL**
040203088800403,1. RURAL,4. OROMIA,02,03,8,88,004,03,1. MARKETPLACE,,24,10. June,2019,**CONFIDENTIAL**,**CONFIDENTIAL**,**CONFIDENTIAL**,**CONFIDENTIAL**,**CONFIDENTIAL**
040212088800506,1. RURAL,4. OROMIA,02,12,8,88,005,06,1. MARKETPLACE,,26,10. June,2019,**CONFIDENTIAL**,**CONFIDENTIAL**,**CONFIDENTIAL**,**CONFIDENTIAL**,**CONFIDENTIAL**
040302010100105,2. URBAN,4. OROMIA,03,02,1,1,001,05,1. MARKETPLACE,,21,10. June,2011,**CONFIDENTIAL**,**CONFIDENTIAL**,**CONFIDENTIAL**,**CONFIDENTIAL**,**CONFIDENTIAL**
040302088801201,1. RURAL,4. OROMIA,03,02,8,88,012,01,1. MARKETPLACE,,24,10. June,2011,**CONFIDENTIAL**,**CONFIDENTIAL**,**CONFIDENTIAL**,**CONFIDENTIAL**,**CONFIDENTIAL**
040310088800903,1. RURAL,4. OROMIA,03,10,8,88,009,03,1. MARKETPLACE,,14,10. June,2011,**CONFIDENTIAL**,**CONFIDENTIAL**,**CONFIDENTIAL**,**CONFIDENTIAL**,**CONFIDENTIAL**
040403088803808,1. RURAL,4. OROMIA,04,03,8,88,038,08,1. MARKETPLACE,,16,10. June,2011,**CONFIDENTIAL**,**CONFIDENTIAL**,**CONFIDENTIAL**,**CONFIDENTIAL**,**CONFIDENTIAL**
040409088801903,1. RURAL,4. OROMIA,04,09,8,88,019,03,1. MARKETPLACE,,22,10. June,2008,**CONFIDENTIAL**,**CONFIDENTIAL**,**CONFIDENTIAL**,**CONFIDENTIAL**,**CONFIDENTIAL**
040416088800808,1. RURAL,4. OROMIA,04,16,8,88,008,08,1. MARKETPLACE,,17,10. June,2008,**CONFIDENTIAL**,**CONFIDENTIAL**,**CONFIDENTIAL**,**CONFIDENTIAL**,**CONFIDENTIAL**
040417010100207,2. URBAN,4. OROMIA,04,17,1,1,002,07,2. SHOPS/STALLS,,18,10. June,2008,**CONFIDENTIAL**,**CONFIDENTIAL**,**CONFIDENTIAL**,**CONFIDENTIAL**,**CONFIDENTIAL**
040502088800607,1. RURAL,4. OROMIA,05,02,8,88,006,07,1. MARKETPLACE,,30,10. June,2008,**CONFIDENTIAL**,**CONFIDENTIAL**,**CONFIDENTIAL**,**CONFIDENTIAL**,**CONFIDENTIAL**
040511088800604,1. RURAL,4. OROMIA,05,11,8,88,006,04,1. MARKETPLACE,,25,10. June,2008,**CONFIDENTIAL**,**CONFIDENTIAL**,**CONFIDENTIAL**,**CONFIDENTIAL**,**CONFIDENTIAL**
040521020100101,2. URBAN,4. OROMIA,05,21,2,1,001,01,2. SHOPS/STALLS,,10,10. June,2008,**CONFIDENTIAL**,**CONFIDENTIAL**,**CONFIDENTIAL**,**CONFIDENTIAL**,**CONFIDENTIAL**
040601088802404,1. RURAL,4. OROMIA,06,01,8,88,024,04,1. MARKETPLACE,,30,10. June,2011,**CONFIDENTIAL**,**CONFIDENTIAL**,**CONFIDENTIAL**,**CONFIDENTIAL**,**CONFIDENTIAL**
040606088801505,1. RURAL,4. OROMIA,06,06,8,88,015,05,1. MARKETPLACE,,30,10. June,2011,**CONFIDENTIAL**,**CONFIDENTIAL**,**CONFIDENTIAL**,**CONFIDENTIAL**,**CONFIDENTIAL**
040702030100113,2. URBAN,4. OROMIA,07,02,3,1,001,13,3. OTHER (SPECIFY),Negdie,24,10. June,2008,**CONFIDENTIAL**,**CONFIDENTIAL**,**CONFIDENTIAL**,**CONFIDENTIAL**,**CONFIDENTIAL**
040807010100204,2. URBAN,4. OROMIA,08,07,1,1,002,04,2. SHOPS/STALLS,,25,10. June,2008,**CONFIDENTIAL**,**CONFIDENTIAL**,**CONFIDENTIAL**,**CONFIDENTIAL**,**CONFIDENTIAL**
040903010100103,2. URBAN,4. OROMIA,09,03,1,1,001,03,1. MARKETPLACE,,21,10. June,2008,**CONFIDENTIAL**,**CONFIDENTIAL**,**CONFIDENTIAL**,**CONFIDENTIAL**,**CONFIDENTIAL**
040903088802905,1. RURAL,4. OROMIA,09,03,8,88,029,05,2. SHOPS/STALLS,,20,10. June,2008,**CONFIDENTIAL**,**CONFIDENTIAL**,**CONFIDENTIAL**,**CONFIDENTIAL**,**CONFIDENTIAL**
040909088802804,1. RURAL,4. OROMIA,09,09,8,88,028,04,1. MARKETPLACE,,25,7. March,2008,**CONFIDENTIAL**,**CONFIDENTIAL**,**CONFIDENTIAL**,**CONFIDENTIAL**,**CONFIDENTIAL**
040913088802102,1. RURAL,4. OROMIA,09,13,8,88,021,02,1. MARKETPLACE,,29,10. June,2008,**CONFIDENTIAL**,**CONFIDENTIAL**,**CONFIDENTIAL**,**CONFIDENTIAL**,**CONFIDENTIAL**
041001088801403,1. RURAL,4. OROMIA,10,01,8,88,014,03,2. SHOPS/STALLS,,29,10. June,2019,**CONFIDENTIAL**,**CONFIDENTIAL**,**CONFIDENTIAL**,**CONFIDENTIAL**,**CONFIDENTIAL**
041008088801110,1. RURAL,4. OROMIA,10,08,8,88,011,10,1. MARKETPLACE,,24,10. June,2008,**CONFIDENTIAL**,**CONFIDENTIAL**,**CONFIDENTIAL**,**CONFIDENTIAL**,**CONFIDENTIAL**
041009010100207,2. URBAN,4. OROMIA,10,09,1,1,002,07,1. MARKETPLACE,,28,10. June,2008,**CONFIDENTIAL**,**CONFIDENTIAL**,**CONFIDENTIAL**,**CONFIDENTIAL**,**CONFIDENTIAL**
041013088801410,1. RURAL,4. OROMIA,10,13,8,88,014,10,2. SHOPS/STALLS,,25,10. June,2019,**CONFIDENTIAL**,**CONFIDENTIAL**,**CONFIDENTIAL**,**CONFIDENTIAL**,**CONFIDENTIAL**
041109088800302,1. RURAL,4. OROMIA,11,09,8,88,003,02,1. MARKETPLACE,,19,10. June,2011,**CONFIDENTIAL**,**CONFIDENTIAL**,**CONFIDENTIAL**,**CONFIDENTIAL**,**CONFIDENTIAL**
041112010100108,2. URBAN,4. OROMIA,11,12,1,1,001,08,1. MARKETPLACE,,25,10. June,2011,**CONFIDENTIAL**,**CONFIDENTIAL**,**CONFIDENTIAL**,**CONFIDENTIAL**,**CONFIDENTIAL**
041117088800104,1. RURAL,4. OROMIA,11,17,8,88,001,04,1. MARKETPLACE,,17,10. June,2011,**CONFIDENTIAL**,**CONFIDENTIAL**,**CONFIDENTIAL**,**CONFIDENTIAL**,**CONFIDENTIAL**
041207088800703,1. RURAL,4. OROMIA,12,07,8,88,007,03,1. MARKETPLACE,,29,10. June,2008,**CONFIDENTIAL**,**CONFIDENTIAL**,**CONFIDENTIAL**,**CONFIDENTIAL**,**CONFIDENTIAL**
041212088800904,1. RURAL,4. OROMIA,12,12,8,88,009,04,1. MARKETPLACE,,21,10. June,2008,**CONFIDENTIAL**,**CONFIDENTIAL**,**CONFIDENTIAL**,**CONFIDENTIAL**,**CONFIDENTIAL**
041303088803505,1. RURAL,4. OROMIA,13,03,8,88,035,05,1. MARKETPLACE,,10,10. June,2011,**CONFIDENTIAL**,**CONFIDENTIAL**,**CONFIDENTIAL**,**CONFIDENTIAL**,**CONFIDENTIAL**
041310088801505,1. RURAL,4. OROMIA,13,10,8,88,015,05,2. SHOPS/STALLS,,25,10. June,2011,**CONFIDENTIAL**,**CONFIDENTIAL**,**CONFIDENTIAL**,**CONFIDENTIAL**,**CONFIDENTIAL**
041401088802208,1. RURAL,4. OROMIA,14,01,8,88,022,08,1. MARKETPLACE,,5,10. June,2008,**CONFIDENTIAL**,**CONFIDENTIAL**,**CONFIDENTIAL**,**CONFIDENTIAL**,**CONFIDENTIAL**
041402010100102,2. URBAN,4. OROMIA,14,02,1,1,001,02,2. SHOPS/STALLS,,26,10. June,2008,**CONFIDENTIAL**,**CONFIDENTIAL**,**CONFIDENTIAL**,**CONFIDENTIAL**,**CONFIDENTIAL**
041407088800512,1. RURAL,4. OROMIA,14,07,8,88,005,12,1. MARKETPLACE,,8,10. June,2008,**CONFIDENTIAL**,**CONFIDENTIAL**,**CONFIDENTIAL**,**CONFIDENTIAL**,**CONFIDENTIAL**
041502088800405,1. RURAL,4. OROMIA,15,02,8,88,004,05,1. MARKETPLACE,,19,10. June,2008,**CONFIDENTIAL**,**CONFIDENTIAL**,**CONFIDENTIAL**,**CONFIDENTIAL**,**CONFIDENTIAL**
041506088800605,1. RURAL,4. OROMIA,15,06,8,88,006,05,1. MARKETPLACE,,18,10. June,2008,**CONFIDENTIAL**,**CONFIDENTIAL**,**CONFIDENTIAL**,**CONFIDENTIAL**,**CONFIDENTIAL**
041602020100103,2. URBAN,4. OROMIA,16,02,2,1,001,03,1. MARKETPLACE,,11,10. June,,**CONFIDENTIAL**,**CONFIDENTIAL**,**CONFIDENTIAL**,**CONFIDENTIAL**,**CONFIDENTIAL**
041602088800902,1. RURAL,4. OROMIA,16,02,8,88,009,02,1. MARKETPLACE,,28,10. June,2008,**CONFIDENTIAL**,**CONFIDENTIAL**,**CONFIDENTIAL**,**CONFIDENTIAL**,**CONFIDENTIAL**
041606088800702,1. RURAL,4. OROMIA,16,06,8,88,007,02,2. SHOPS/STALLS,,7,10. June,2011,**CONFIDENTIAL**,**CONFIDENTIAL**,**CONFIDENTIAL**,**CONFIDENTIAL**,**CONFIDENTIAL**
041701088800105,1. RURAL,4. OROMIA,17,01,8,88,001,05,1. MARKETPLACE,,22,10. June,2011,**CONFIDENTIAL**,**CONFIDENTIAL**,**CONFIDENTIAL**,**CONFIDENTIAL**,**CONFIDENTIAL**
041704088803702,1. RURAL,4. OROMIA,17,04,8,88,037,02,1. MARKETPLACE,,22,10. June,2011,**CONFIDENTIAL**,**CONFIDENTIAL**,**CONFIDENTIAL**,**CONFIDENTIAL**,**CONFIDENTIAL**
041709088800509,1. RURAL,4. OROMIA,17,09,8,88,005,09,1. MARKETPLACE,,22,10. June,2011,**CONFIDENTIAL**,**CONFIDENTIAL**,**CONFIDENTIAL**,**CONFIDENTIAL**,**CONFIDENTIAL**
041801088800702,1. RURAL,4. OROMIA,18,01,8,88,007,02,2. SHOPS/STALLS,,21,10. June,2019,**CONFIDENTIAL**,**CONFIDENTIAL**,**CONFIDENTIAL**,**CONFIDENTIAL**,**CONFIDENTIAL**
041803010100206,2. URBAN,4. OROMIA,18,03,1,1,002,06,2. SHOPS/STALLS,,27,10. June,2011,**CONFIDENTIAL**,**CONFIDENTIAL**,**CONFIDENTIAL**,**CONFIDENTIAL**,**CONFIDENTIAL**
041805088802106,1. RURAL,4. OROMIA,18,05,8,88,021,06,2. SHOPS/STALLS,,22,10. June,,**CONFIDENTIAL**,**CONFIDENTIAL**,**CONFIDENTIAL**,**CONFIDENTIAL**,**CONFIDENTIAL**
041907088801302,1. RURAL,4. OROMIA,19,07,8,88,013,02,1. MARKETPLACE,,29,10. June,2019,**CONFIDENTIAL**,**CONFIDENTIAL**,**CONFIDENTIAL**,**CONFIDENTIAL**,**CONFIDENTIAL**
041911088801308,1. RURAL,4. OROMIA,19,11,8,88,013,08,1. MARKETPLACE,,25,10. June,2019,**CONFIDENTIAL**,**CONFIDENTIAL**,**CONFIDENTIAL**,**CONFIDENTIAL**,**CONFIDENTIAL**
042002088802503,1. RURAL,4. OROMIA,20,02,8,88,025,03,1. MARKETPLACE,,26,10. June,2011,**CONFIDENTIAL**,**CONFIDENTIAL**,**CONFIDENTIAL**,**CONFIDENTIAL**,**CONFIDENTIAL**
042007088801902,1. RURAL,4. OROMIA,20,07,8,88,019,02,1. MARKETPLACE,,15,10. June,2008,**CONFIDENTIAL**,**CONFIDENTIAL**,**CONFIDENTIAL**,**CONFIDENTIAL**,**CONFIDENTIAL**
042101010101005,2. URBAN,4. OROMIA,21,01,1,1,010,05,3. OTHER (SPECIFY),Gebeyana ena Suki,20,10. June,2008,**CONFIDENTIAL**,**CONFIDENTIAL**,**CONFIDENTIAL**,**CONFIDENTIAL**,**CONFIDENTIAL**
042101010501435,2. URBAN,4. OROMIA,21,01,1,5,014,35,2. SHOPS/STALLS,,26,10. June,2008,**CONFIDENTIAL**,**CONFIDENTIAL**,**CONFIDENTIAL**,**CONFIDENTIAL**,**CONFIDENTIAL**
042323010101103,2. URBAN,4. OROMIA,23,23,1,1,011,03,3. OTHER (SPECIFY),Gebeyana Suki,24,10. June,2008,**CONFIDENTIAL**,**CONFIDENTIAL**,**CONFIDENTIAL**,**CONFIDENTIAL**,**CONFIDENTIAL**
042424010100685,2. URBAN,4. OROMIA,24,24,1,1,006,85,2. SHOPS/STALLS,,29,10. June,2011,**CONFIDENTIAL**,**CONFIDENTIAL**,**CONFIDENTIAL**,**CONFIDENTIAL**,**CONFIDENTIAL**
042828010100624,2. URBAN,4. OROMIA,28,28,1,1,006,24,1. MARKETPLACE,,18,10. June,2011,**CONFIDENTIAL**,**CONFIDENTIAL**,**CONFIDENTIAL**,**CONFIDENTIAL**,**CONFIDENTIAL**
043030010100345,2. URBAN,4. OROMIA,30,30,1,1,003,45,2. SHOPS/STALLS,,7,10. June,2008,**CONFIDENTIAL**,**CONFIDENTIAL**,**CONFIDENTIAL**,**CONFIDENTIAL**,**CONFIDENTIAL**
043131010100723,2. URBAN,4. OROMIA,31,31,1,1,007,23,3. OTHER (SPECIFY),kmahabrsabu abalat,18,10. June,2008,**CONFIDENTIAL**,**CONFIDENTIAL**,**CONFIDENTIAL**,**CONFIDENTIAL**,**CONFIDENTIAL**
043535010100252,2. URBAN,4. OROMIA,35,35,1,1,002,52,1. MARKETPLACE,,22,10. June,2008,**CONFIDENTIAL**,**CONFIDENTIAL**,**CONFIDENTIAL**,**CONFIDENTIAL**,**CONFIDENTIAL**
050102010100102,2. URBAN,5. SOMALI,01,02,1,1,001,02,2. SHOPS/STALLS,,16,10. June,2008,**CONFIDENTIAL**,**CONFIDENTIAL**,**CONFIDENTIAL**,**CONFIDENTIAL**,**CONFIDENTIAL**
050103088801103,1. RURAL,5. SOMALI,01,03,8,88,011,03,2. SHOPS/STALLS,,27,10. June,2011,**CONFIDENTIAL**,**CONFIDENTIAL**,**CONFIDENTIAL**,**CONFIDENTIAL**,**CONFIDENTIAL**
050109088800301,1. RURAL,5. SOMALI,01,09,8,88,003,01,2. SHOPS/STALLS,,28,10. June,2011,**CONFIDENTIAL**,**CONFIDENTIAL**,**CONFIDENTIAL**,**CONFIDENTIAL**,**CONFIDENTIAL**
050202088801303,1. RURAL,5. SOMALI,02,02,8,88,013,03,1. MARKETPLACE,,30,10. June,2011,**CONFIDENTIAL**,**CONFIDENTIAL**,**CONFIDENTIAL**,**CONFIDENTIAL**,**CONFIDENTIAL**
050205030100101,2. URBAN,5. SOMALI,02,05,3,1,001,01,1. MARKETPLACE,,28,10. June,2011,**CONFIDENTIAL**,**CONFIDENTIAL**,**CONFIDENTIAL**,**CONFIDENTIAL**,**CONFIDENTIAL**
050205088802405,1. RURAL,5. SOMALI,02,05,8,88,024,05,1. MARKETPLACE,,29,10. June,2011,**CONFIDENTIAL**,**CONFIDENTIAL**,**CONFIDENTIAL**,**CONFIDENTIAL**,**CONFIDENTIAL**
050206088801407,1. RURAL,5. SOMALI,02,06,8,88,014,07,2. SHOPS/STALLS,,25,10. June,2011,**CONFIDENTIAL**,**CONFIDENTIAL**,**CONFIDENTIAL**,**CONFIDENTIAL**,**CONFIDENTIAL**
050207088800806,1. RURAL,5. SOMALI,02,07,8,88,008,06,2. SHOPS/STALLS,,21,10. June,2008,**CONFIDENTIAL**,**CONFIDENTIAL**,**CONFIDENTIAL**,**CONFIDENTIAL**,**CONFIDENTIAL**
050212010100806,2. URBAN,5. SOMALI,02,12,1,1,008,06,1. MARKETPLACE,,28,10. June,2008,**CONFIDENTIAL**,**CONFIDENTIAL**,**CONFIDENTIAL**,**CONFIDENTIAL**,**CONFIDENTIAL**
050212010101601,2. URBAN,5. SOMALI,02,12,1,1,016,01,1. MARKETPLACE,,20,9. May,2008,**CONFIDENTIAL**,**CONFIDENTIAL**,**CONFIDENTIAL**,**CONFIDENTIAL**,**CONFIDENTIAL**
050212010101923,2. URBAN,5. SOMALI,02,12,1,1,019,23,1. MARKETPLACE,,28,10. June,2008,**CONFIDENTIAL**,**CONFIDENTIAL**,**CONFIDENTIAL**,**CONFIDENTIAL**,**CONFIDENTIAL**
050212010102805,2. URBAN,5. SOMALI,02,12,1,1,028,05,1. MARKETPLACE,,28,10. June,2008,**CONFIDENTIAL**,**CONFIDENTIAL**,**CONFIDENTIAL**,**CONFIDENTIAL**,**CONFIDENTIAL**
050213088801502,1. RURAL,5. SOMALI,02,13,8,88,015,02,1. MARKETPLACE,,30,10. June,2008,**CONFIDENTIAL**,**CONFIDENTIAL**,**CONFIDENTIAL**,**CONFIDENTIAL**,**CONFIDENTIAL**
050301088800706,2. URBAN,5. SOMALI,03,01,8,88,007,06,2. SHOPS/STALLS,,24,10. June,2008,**CONFIDENTIAL**,**CONFIDENTIAL**,**CONFIDENTIAL**,**CONFIDENTIAL**,**CONFIDENTIAL**
050303088800907,2. URBAN,5. SOMALI,03,03,8,88,009,07,1. MARKETPLACE,,27,10. June,2008,**CONFIDENTIAL**,**CONFIDENTIAL**,**CONFIDENTIAL**,**CONFIDENTIAL**,**CONFIDENTIAL**
050304088801205,2. URBAN,5. SOMALI,03,04,8,88,012,05,2. SHOPS/STALLS,,22,10. June,2008,**CONFIDENTIAL**,**CONFIDENTIAL**,**CONFIDENTIAL**,**CONFIDENTIAL**,**CONFIDENTIAL**
050309088800903,2. URBAN,5. SOMALI,03,09,8,88,009,03,2. SHOPS/STALLS,,28,10. June,2008,**CONFIDENTIAL**,**CONFIDENTIAL**,**CONFIDENTIAL**,**CONFIDENTIAL**,**CONFIDENTIAL**
050310010100201,2. URBAN,5. SOMALI,03,10,1,1,002,01,2. SHOPS/STALLS,,25,10. June,2011,**CONFIDENTIAL**,**CONFIDENTIAL**,**CONFIDENTIAL**,**CONFIDENTIAL**,**CONFIDENTIAL**
050312010101002,2. URBAN,5. SOMALI,03,12,1,1,010,02,1. MARKETPLACE,,24,10. June,2008,**CONFIDENTIAL**,**CONFIDENTIAL**,**CONFIDENTIAL**,**CONFIDENTIAL**,**CONFIDENTIAL**
050405088800906,2. URBAN,5. SOMALI,04,05,8,88,009,06,2. SHOPS/STALLS,,27,10. June,2008,**CONFIDENTIAL**,**CONFIDENTIAL**,**CONFIDENTIAL**,**CONFIDENTIAL**,**CONFIDENTIAL**
050405088801501,2. URBAN,5. SOMALI,04,05,8,88,015,01,2. SHOPS/STALLS,,27,10. June,2008,**CONFIDENTIAL**,**CONFIDENTIAL**,**CONFIDENTIAL**,**CONFIDENTIAL**,**CONFIDENTIAL**
050407010100404,2. URBAN,5. SOMALI,04,07,1,1,004,04,2. SHOPS/STALLS,,29,10. June,2008,**CONFIDENTIAL**,**CONFIDENTIAL**,**CONFIDENTIAL**,**CONFIDENTIAL**,**CONFIDENTIAL**
050408088800501,2. URBAN,5. SOMALI,04,08,8,88,005,01,2. SHOPS/STALLS,,25,,2011,**CONFIDENTIAL**,**CONFIDENTIAL**,**CONFIDENTIAL**,**CONFIDENTIAL**,**CONFIDENTIAL**
050502088800603,2. URBAN,5. SOMALI,05,02,8,88,006,03,1. MARKETPLACE,,19,10. June,2008,**CONFIDENTIAL**,**CONFIDENTIAL**,**CONFIDENTIAL**,**CONFIDENTIAL**,**CONFIDENTIAL**
050506088800603,2. URBAN,5. SOMALI,05,06,8,88,006,03,2. SHOPS/STALLS,,19,10. June,2008,**CONFIDENTIAL**,**CONFIDENTIAL**,**CONFIDENTIAL**,**CONFIDENTIAL**,**CONFIDENTIAL**
050511010100602,2. URBAN,5. SOMALI,05,11,1,1,006,02,2. SHOPS/STALLS,,24,10. June,2011,**CONFIDENTIAL**,**CONFIDENTIAL**,**CONFIDENTIAL**,**CONFIDENTIAL**,**CONFIDENTIAL**
050602088800702,2. URBAN,5. SOMALI,06,02,8,88,007,02,1. MARKETPLACE,,16,10. June,2008,**CONFIDENTIAL**,**CONFIDENTIAL**,**CONFIDENTIAL**,**CONFIDENTIAL**,**CONFIDENTIAL**
050604088800604,2. URBAN,5. SOMALI,06,04,8,88,006,04,2. SHOPS/STALLS,,17,,2011,**CONFIDENTIAL**,**CONFIDENTIAL**,**CONFIDENTIAL**,**CONFIDENTIAL**,**CONFIDENTIAL**
050605020100107,2. URBAN,5. SOMALI,06,05,2,1,001,07,2. SHOPS/STALLS,,20,,2011,**CONFIDENTIAL**,**CONFIDENTIAL**,**CONFIDENTIAL**,**CONFIDENTIAL**,**CONFIDENTIAL**
050606088800801,2. URBAN,5. SOMALI,06,06,8,88,008,01,2. SHOPS/STALLS,,18,,2011,**CONFIDENTIAL**,**CONFIDENTIAL**,**CONFIDENTIAL**,**CONFIDENTIAL**,**CONFIDENTIAL**
050610088800304,2. URBAN,5. SOMALI,06,10,8,88,003,04,1. MARKETPLACE,,21,10. June,2008,**CONFIDENTIAL**,**CONFIDENTIAL**,**CONFIDENTIAL**,**CONFIDENTIAL**,**CONFIDENTIAL**
050611010100206,2. URBAN,5. SOMALI,06,11,1,1,002,06,1. MARKETPLACE,,21,10. June,2008,**CONFIDENTIAL**,**CONFIDENTIAL**,**CONFIDENTIAL**,**CONFIDENTIAL**,**CONFIDENTIAL**
050611010101009,2. URBAN,5. SOMALI,06,11,1,1,010,09,1. MARKETPLACE,,19,10. June,2008,**CONFIDENTIAL**,**CONFIDENTIAL**,**CONFIDENTIAL**,**CONFIDENTIAL**,**CONFIDENTIAL**
050701088801207,2. URBAN,5. SOMALI,07,01,8,88,012,07,2. SHOPS/STALLS,,20,10. June,2008,**CONFIDENTIAL**,**CONFIDENTIAL**,**CONFIDENTIAL**,**CONFIDENTIAL**,**CONFIDENTIAL**
050703088800901,2. URBAN,5. SOMALI,07,03,8,88,009,01,2. SHOPS/STALLS,,20,10. June,2008,**CONFIDENTIAL**,**CONFIDENTIAL**,**CONFIDENTIAL**,**CONFIDENTIAL**,**CONFIDENTIAL**
050704088801101,2. URBAN,5. SOMALI,07,04,8,88,011,01,2. SHOPS/STALLS,,17,10. June,2008,**CONFIDENTIAL**,**CONFIDENTIAL**,**CONFIDENTIAL**,**CONFIDENTIAL**,**CONFIDENTIAL**
050706010100201,2. URBAN,5. SOMALI,07,06,1,1,002,01,2. SHOPS/STALLS,,21,10. June,2011,**CONFIDENTIAL**,**CONFIDENTIAL**,**CONFIDENTIAL**,**CONFIDENTIAL**,**CONFIDENTIAL**
050707088800603,2. URBAN,5. SOMALI,07,07,8,88,006,03,2. SHOPS/STALLS,,6,6. February,2008,**CONFIDENTIAL**,**CONFIDENTIAL**,**CONFIDENTIAL**,**CONFIDENTIAL**,**CONFIDENTIAL**
050801010100308,2. URBAN,5. SOMALI,08,01,1,1,003,08,2. SHOPS/STALLS,,16,10. June,2008,**CONFIDENTIAL**,**CONFIDENTIAL**,**CONFIDENTIAL**,**CONFIDENTIAL**,**CONFIDENTIAL**
050802088801803,2. URBAN,5. SOMALI,08,02,8,88,018,03,2. SHOPS/STALLS,,19,10. June,2008,**CONFIDENTIAL**,**CONFIDENTIAL**,**CONFIDENTIAL**,**CONFIDENTIAL**,**CONFIDENTIAL**
050805088800704,2. URBAN,5. SOMALI,08,05,8,88,007,04,1. MARKETPLACE,,18,10. June,2008,**CONFIDENTIAL**,**CONFIDENTIAL**,**CONFIDENTIAL**,**CONFIDENTIAL**,**CONFIDENTIAL**
050807088800305,2. URBAN,5. SOMALI,08,07,8,88,003,05,2. SHOPS/STALLS,,22,10. June,2008,**CONFIDENTIAL**,**CONFIDENTIAL**,**CONFIDENTIAL**,**CONFIDENTIAL**,**CONFIDENTIAL**
050808088801601,2. URBAN,5. SOMALI,08,08,8,88,016,01,2. SHOPS/STALLS,,26,10. June,2008,**CONFIDENTIAL**,**CONFIDENTIAL**,**CONFIDENTIAL**,**CONFIDENTIAL**,**CONFIDENTIAL**
050901010100102,2. URBAN,5. SOMALI,09,01,1,1,001,02,2. SHOPS/STALLS,,19,10. June,2008,**CONFIDENTIAL**,**CONFIDENTIAL**,**CONFIDENTIAL**,**CONFIDENTIAL**,**CONFIDENTIAL**
050902088801202,1. RURAL,5. SOMALI,09,02,8,88,012,02,2. SHOPS/STALLS,,5,10. June,2008,**CONFIDENTIAL**,**CONFIDENTIAL**,**CONFIDENTIAL**,**CONFIDENTIAL**,**CONFIDENTIAL**
050905088800202,1. RURAL,5. SOMALI,09,05,8,88,002,02,2. SHOPS/STALLS,,3,10. June,2008,**CONFIDENTIAL**,**CONFIDENTIAL**,**CONFIDENTIAL**,**CONFIDENTIAL**,**CONFIDENTIAL**
050906010100116,2. URBAN,5. SOMALI,09,06,1,1,001,16,1. MARKETPLACE,,7,10. June,2008,**CONFIDENTIAL**,**CONFIDENTIAL**,**CONFIDENTIAL**,**CONFIDENTIAL**,**CONFIDENTIAL**
050907088800903,1. RURAL,5. SOMALI,09,07,8,88,009,03,2. SHOPS/STALLS,,15,10. June,2008,**CONFIDENTIAL**,**CONFIDENTIAL**,**CONFIDENTIAL**,**CONFIDENTIAL**,**CONFIDENTIAL**
051003088800201,2. URBAN,5. SOMALI,10,03,8,88,002,01,2. SHOPS/STALLS,,23,10. June,2008,**CONFIDENTIAL**,**CONFIDENTIAL**,**CONFIDENTIAL**,**CONFIDENTIAL**,**CONFIDENTIAL**
051004088801303,2. URBAN,5. SOMALI,10,04,8,88,013,03,1. MARKETPLACE,,23,10. June,2008,**CONFIDENTIAL**,**CONFIDENTIAL**,**CONFIDENTIAL**,**CONFIDENTIAL**,**CONFIDENTIAL**
051101088801203,2. URBAN,5. SOMALI,11,01,8,88,012,03,1. MARKETPLACE,,22,10. June,2011,**CONFIDENTIAL**,**CONFIDENTIAL**,**CONFIDENTIAL**,**CONFIDENTIAL**,**CONFIDENTIAL**
060101088800403,1. RURAL,6. BENISHANGUL GUMUZ,01,01,8,88,004,03,1. MARKETPLACE,,12,10. June,2008,**CONFIDENTIAL**,**CONFIDENTIAL**,**CONFIDENTIAL**,**CONFIDENTIAL**,**CONFIDENTIAL**
060103088801802,1. RURAL,6. BENISHANGUL GUMUZ,01,03,8,88,018,02,2. SHOPS/STALLS,,17,10. June,2008,**CONFIDENTIAL**,**CONFIDENTIAL**,**CONFIDENTIAL**,**CONFIDENTIAL**,**CONFIDENTIAL**
060103088804602,1. RURAL,6. BENISHANGUL GUMUZ,01,03,8,88,046,02,3. OTHER (SPECIFY),Kebele Akababi,19,10. June,2008,**CONFIDENTIAL**,**CONFIDENTIAL**,**CONFIDENTIAL**,**CONFIDENTIAL**,**CONFIDENTIAL**
060103088806701,1. RURAL,6. BENISHANGUL GUMUZ,01,03,8,88,067,01,2. SHOPS/STALLS,,15,10. June,2008,**CONFIDENTIAL**,**CONFIDENTIAL**,**CONFIDENTIAL**,**CONFIDENTIAL**,**CONFIDENTIAL**
060104010100103,2. URBAN,6. BENISHANGUL GUMUZ,01,04,1,1,001,03,1. MARKETPLACE,,13,10. June,2011,**CONFIDENTIAL**,**CONFIDENTIAL**,**CONFIDENTIAL**,**CONFIDENTIAL**,**CONFIDENTIAL**
060104088800802,1. RURAL,6. BENISHANGUL GUMUZ,01,04,8,88,008,02,2. SHOPS/STALLS,,14,10. June,2008,**CONFIDENTIAL**,**CONFIDENTIAL**,**CONFIDENTIAL**,**CONFIDENTIAL**,**CONFIDENTIAL**
060105088801701,1. RURAL,6. BENISHANGUL GUMUZ,01,05,8,88,017,01,1. MARKETPLACE,,18,6. February,2008,**CONFIDENTIAL**,**CONFIDENTIAL**,**CONFIDENTIAL**,**CONFIDENTIAL**,**CONFIDENTIAL**
060105088803201,1. RURAL,6. BENISHANGUL GUMUZ,01,05,8,88,032,01,2. SHOPS/STALLS,,13,10. June,2008,**CONFIDENTIAL**,**CONFIDENTIAL**,**CONFIDENTIAL**,**CONFIDENTIAL**,**CONFIDENTIAL**
060107088800402,1. RURAL,6. BENISHANGUL GUMUZ,01,07,8,88,004,02,1. MARKETPLACE,,13,10. June,2008,**CONFIDENTIAL**,**CONFIDENTIAL**,**CONFIDENTIAL**,**CONFIDENTIAL**,**CONFIDENTIAL**
060108010100106,2. URBAN,6. BENISHANGUL GUMUZ,01,08,1,1,001,06,1. MARKETPLACE,,18,10. June,2011,**CONFIDENTIAL**,**CONFIDENTIAL**,**CONFIDENTIAL**,**CONFIDENTIAL**,**CONFIDENTIAL**
060108010100205,2. URBAN,6. BENISHANGUL GUMUZ,01,08,1,1,002,05,1. MARKETPLACE,,19,10. June,2011,**CONFIDENTIAL**,**CONFIDENTIAL**,**CONFIDENTIAL**,**CONFIDENTIAL**,**CONFIDENTIAL**
060108010100319,2. URBAN,6. BENISHANGUL GUMUZ,01,08,1,1,003,19,1. MARKETPLACE,,21,10. June,2011,**CONFIDENTIAL**,**CONFIDENTIAL**,**CONFIDENTIAL**,**CONFIDENTIAL**,**CONFIDENTIAL**
060108010100415,2. URBAN,6. BENISHANGUL GUMUZ,01,08,1,1,004,15,1. MARKETPLACE,,19,10. June,2008,**CONFIDENTIAL**,**CONFIDENTIAL**,**CONFIDENTIAL**,**CONFIDENTIAL**,**CONFIDENTIAL**
060201010100103,2. URBAN,6. BENISHANGUL GUMUZ,02,01,1,1,001,03,1. MARKETPLACE,,11,10. June,2011,**CONFIDENTIAL**,**CONFIDENTIAL**,**CONFIDENTIAL**,**CONFIDENTIAL**,**CONFIDENTIAL**
060201088801903,1. RURAL,6. BENISHANGUL GUMUZ,02,01,8,88,019,03,2. SHOPS/STALLS,,11,10. June,2008,**CONFIDENTIAL**,**CONFIDENTIAL**,**CONFIDENTIAL**,**CONFIDENTIAL**,**CONFIDENTIAL**
060203010100106,2. URBAN,6. BENISHANGUL GUMUZ,02,03,1,1,001,06,2. SHOPS/STALLS,,17,10. June,2008,**CONFIDENTIAL**,**CONFIDENTIAL**,**CONFIDENTIAL**,**CONFIDENTIAL**,**CONFIDENTIAL**
060203088800704,1. RURAL,6. BENISHANGUL GUMUZ,02,03,8,88,007,04,1. MARKETPLACE,,15,10. June,2008,**CONFIDENTIAL**,**CONFIDENTIAL**,**CONFIDENTIAL**,**CONFIDENTIAL**,**CONFIDENTIAL**
060203088802004,1. RURAL,6. BENISHANGUL GUMUZ,02,03,8,88,020,04,1. MARKETPLACE,,15,10. June,2008,**CONFIDENTIAL**,**CONFIDENTIAL**,**CONFIDENTIAL**,**CONFIDENTIAL**,**CONFIDENTIAL**
060204020100105,2. URBAN,6. BENISHANGUL GUMUZ,02,04,2,1,001,05,2. SHOPS/STALLS,,16,10. June,2011,**CONFIDENTIAL**,**CONFIDENTIAL**,**CONFIDENTIAL**,**CONFIDENTIAL**,**CONFIDENTIAL**
060205040100108,2. URBAN,6. BENISHANGUL GUMUZ,02,05,4,1,001,08,2. SHOPS/STALLS,,14,10. June,2008,**CONFIDENTIAL**,**CONFIDENTIAL**,**CONFIDENTIAL**,**CONFIDENTIAL**,**CONFIDENTIAL**
060205088801701,1. RURAL,6. BENISHANGUL GUMUZ,02,05,8,88,017,01,2. SHOPS/STALLS,,13,10. June,2008,**CONFIDENTIAL**,**CONFIDENTIAL**,**CONFIDENTIAL**,**CONFIDENTIAL**,**CONFIDENTIAL**
060206020100103,2. URBAN,6. BENISHANGUL GUMUZ,02,06,2,1,001,03,1. MARKETPLACE,,14,10. June,2011,**CONFIDENTIAL**,**CONFIDENTIAL**,**CONFIDENTIAL**,**CONFIDENTIAL**,**CONFIDENTIAL**
060206088800203,1. RURAL,6. BENISHANGUL GUMUZ,02,06,8,88,002,03,2. SHOPS/STALLS,,17,10. June,2008,**CONFIDENTIAL**,**CONFIDENTIAL**,**CONFIDENTIAL**,**CONFIDENTIAL**,**CONFIDENTIAL**
060206088800904,1. RURAL,6. BENISHANGUL GUMUZ,02,06,8,88,009,04,2. SHOPS/STALLS,,15,10. June,2008,**CONFIDENTIAL**,**CONFIDENTIAL**,**CONFIDENTIAL**,**CONFIDENTIAL**,**CONFIDENTIAL**
060207030100102,2. URBAN,6. BENISHANGUL GUMUZ,02,07,3,1,001,02,2. SHOPS/STALLS,,15,9. May,2008,**CONFIDENTIAL**,**CONFIDENTIAL**,**CONFIDENTIAL**,**CONFIDENTIAL**,**CONFIDENTIAL**
060207088801401,1. RURAL,6. BENISHANGUL GUMUZ,02,07,8,88,014,01,1. MARKETPLACE,,17,10. June,2008,**CONFIDENTIAL**,**CONFIDENTIAL**,**CONFIDENTIAL**,**CONFIDENTIAL**,**CONFIDENTIAL**
060302010100105,2. URBAN,6. BENISHANGUL GUMUZ,03,02,1,1,001,05,3. OTHER (SPECIFY),Kesuke ena Kegebeya,18,10. June,2008,**CONFIDENTIAL**,**CONFIDENTIAL**,**CONFIDENTIAL**,**CONFIDENTIAL**,**CONFIDENTIAL**
060305010100106,2. URBAN,6. BENISHANGUL GUMUZ,03,05,1,1,001,06,3. OTHER (SPECIFY),Gebya  ena  suke,15,10. June,2008,**CONFIDENTIAL**,**CONFIDENTIAL**,**CONFIDENTIAL**,**CONFIDENTIAL**,**CONFIDENTIAL**
060401088802401,1. RURAL,6. BENISHANGUL GUMUZ,04,01,8,88,024,01,3. OTHER (SPECIFY),bekebelew gebeya silelele be weredaw ketema yeshetutin naw yetemola sewochun bemeteyek,10,10. June,2008,**CONFIDENTIAL**,**CONFIDENTIAL**,**CONFIDENTIAL**,**CONFIDENTIAL**,**CONFIDENTIAL**
070104088801204,1. RURAL,7. SNNP,01,04,8,88,012,04,3. OTHER (SPECIFY),kesuk na kegebeya,14,10. June,2011,**CONFIDENTIAL**,**CONFIDENTIAL**,**CONFIDENTIAL**,**CONFIDENTIAL**,**CONFIDENTIAL**
070108088800802,1. RURAL,7. SNNP,01,08,8,88,008,02,1. MARKETPLACE,,12,10. June,2011,**CONFIDENTIAL**,**CONFIDENTIAL**,**CONFIDENTIAL**,**CONFIDENTIAL**,**CONFIDENTIAL**
070110010100205,2. URBAN,7. SNNP,01,10,1,1,002,05,1. MARKETPLACE,,18,10. June,2008,**CONFIDENTIAL**,**CONFIDENTIAL**,**CONFIDENTIAL**,**CONFIDENTIAL**,**CONFIDENTIAL**
070112088800907,1. RURAL,7. SNNP,01,12,8,88,009,07,3. OTHER (SPECIFY),kegebeyana kesuk,20,10. June,2011,**CONFIDENTIAL**,**CONFIDENTIAL**,**CONFIDENTIAL**,**CONFIDENTIAL**,**CONFIDENTIAL**
070205030100103,2. URBAN,7. SNNP,02,05,3,1,001,03,1. MARKETPLACE,,22,10. June,2008,**CONFIDENTIAL**,**CONFIDENTIAL**,**CONFIDENTIAL**,**CONFIDENTIAL**,**CONFIDENTIAL**
070205088801202,1. RURAL,7. SNNP,02,05,8,88,012,02,1. MARKETPLACE,,24,10. June,2011,**CONFIDENTIAL**,**CONFIDENTIAL**,**CONFIDENTIAL**,**CONFIDENTIAL**,**CONFIDENTIAL**
070210088801703,1. RURAL,7. SNNP,02,10,8,88,017,03,1. MARKETPLACE,,21,10. June,2011,**CONFIDENTIAL**,**CONFIDENTIAL**,**CONFIDENTIAL**,**CONFIDENTIAL**,**CONFIDENTIAL**
070211010100614,2. URBAN,7. SNNP,02,11,1,1,006,14,1. MARKETPLACE,,25,6. February,2008,**CONFIDENTIAL**,**CONFIDENTIAL**,**CONFIDENTIAL**,**CONFIDENTIAL**,**CONFIDENTIAL**
070302088800701,1. RURAL,7. SNNP,03,02,8,88,007,01,1. MARKETPLACE,,23,10. June,2011,**CONFIDENTIAL**,**CONFIDENTIAL**,**CONFIDENTIAL**,**CONFIDENTIAL**,**CONFIDENTIAL**
070305088801101,1. RURAL,7. SNNP,03,05,8,88,011,01,1. MARKETPLACE,,20,10. June,2011,**CONFIDENTIAL**,**CONFIDENTIAL**,**CONFIDENTIAL**,**CONFIDENTIAL**,**CONFIDENTIAL**
070309010100307,2. URBAN,7. SNNP,03,09,1,1,003,07,1. MARKETPLACE,,22,10. June,2008,**CONFIDENTIAL**,**CONFIDENTIAL**,**CONFIDENTIAL**,**CONFIDENTIAL**,**CONFIDENTIAL**
070403088802407,1. RURAL,7. SNNP,04,03,8,88,024,07,1. MARKETPLACE,,4,10. June,2008,**CONFIDENTIAL**,**CONFIDENTIAL**,**CONFIDENTIAL**,**CONFIDENTIAL**,**CONFIDENTIAL**
070407088801207,1. RURAL,7. SNNP,04,07,8,88,012,07,1. MARKETPLACE,,6,10. June,2008,**CONFIDENTIAL**,**CONFIDENTIAL**,**CONFIDENTIAL**,**CONFIDENTIAL**,**CONFIDENTIAL**
070409010100108,2. URBAN,7. SNNP,04,09,1,1,001,08,2. SHOPS/STALLS,,24,10. June,2008,**CONFIDENTIAL**,**CONFIDENTIAL**,**CONFIDENTIAL**,**CONFIDENTIAL**,**CONFIDENTIAL**
070410088800810,1. RURAL,7. SNNP,04,10,8,88,008,10,2. SHOPS/STALLS,,24,10. June,2008,**CONFIDENTIAL**,**CONFIDENTIAL**,**CONFIDENTIAL**,**CONFIDENTIAL**,**CONFIDENTIAL**
070414088800609,1. RURAL,7. SNNP,04,14,8,88,006,09,2. SHOPS/STALLS,,21,10. June,2011,**CONFIDENTIAL**,**CONFIDENTIAL**,**CONFIDENTIAL**,**CONFIDENTIAL**,**CONFIDENTIAL**
070418088801803,1. RURAL,7. SNNP,04,18,8,88,018,03,1. MARKETPLACE,,5,10. June,2008,**CONFIDENTIAL**,**CONFIDENTIAL**,**CONFIDENTIAL**,**CONFIDENTIAL**,**CONFIDENTIAL**
070420010100106,2. URBAN,7. SNNP,04,20,1,1,001,06,1. MARKETPLACE,,24,10. June,2008,**CONFIDENTIAL**,**CONFIDENTIAL**,**CONFIDENTIAL**,**CONFIDENTIAL**,**CONFIDENTIAL**
070501088800605,1. RURAL,7. SNNP,05,01,8,88,006,05,1. MARKETPLACE,,20,10. June,2008,**CONFIDENTIAL**,**CONFIDENTIAL**,**CONFIDENTIAL**,**CONFIDENTIAL**,**CONFIDENTIAL**
070503088801401,1. RURAL,7. SNNP,05,03,8,88,014,01,2. SHOPS/STALLS,,23,10. June,2008,**CONFIDENTIAL**,**CONFIDENTIAL**,**CONFIDENTIAL**,**CONFIDENTIAL**,**CONFIDENTIAL**
070602088802005,1. RURAL,7. SNNP,06,02,8,88,020,05,1. MARKETPLACE,,17,10. June,2011,**CONFIDENTIAL**,**CONFIDENTIAL**,**CONFIDENTIAL**,**CONFIDENTIAL**,**CONFIDENTIAL**
070603010100105,2. URBAN,7. SNNP,06,03,1,1,001,05,1. MARKETPLACE,,22,10. June,2011,**CONFIDENTIAL**,**CONFIDENTIAL**,**CONFIDENTIAL**,**CONFIDENTIAL**,**CONFIDENTIAL**
070606088801009,1. RURAL,7. SNNP,06,06,8,88,010,09,1. MARKETPLACE,,20,10. June,2011,**CONFIDENTIAL**,**CONFIDENTIAL**,**CONFIDENTIAL**,**CONFIDENTIAL**,**CONFIDENTIAL**
070610088800907,1. RURAL,7. SNNP,06,10,8,88,009,07,1. MARKETPLACE,,22,10. June,2011,**CONFIDENTIAL**,**CONFIDENTIAL**,**CONFIDENTIAL**,**CONFIDENTIAL**,**CONFIDENTIAL**
070613010100707,2. URBAN,7. SNNP,06,13,1,1,007,07,1. MARKETPLACE,,22,10. June,2011,**CONFIDENTIAL**,**CONFIDENTIAL**,**CONFIDENTIAL**,**CONFIDENTIAL**,**CONFIDENTIAL**
070701010100104,2. URBAN,7. SNNP,07,01,1,1,001,04,1. MARKETPLACE,,18,10. June,2011,**CONFIDENTIAL**,**CONFIDENTIAL**,**CONFIDENTIAL**,**CONFIDENTIAL**,**CONFIDENTIAL**
070702088802709,1. RURAL,7. SNNP,07,02,8,88,027,09,1. MARKETPLACE,,21,10. June,2011,**CONFIDENTIAL**,**CONFIDENTIAL**,**CONFIDENTIAL**,**CONFIDENTIAL**,**CONFIDENTIAL**
070706088801507,1. RURAL,7. SNNP,07,06,8,88,015,07,1. MARKETPLACE,,23,6. February,2011,**CONFIDENTIAL**,**CONFIDENTIAL**,**CONFIDENTIAL**,**CONFIDENTIAL**,**CONFIDENTIAL**
070904030100101,2. URBAN,7. SNNP,09,04,3,1,001,01,2. SHOPS/STALLS,,20,10. June,2011,**CONFIDENTIAL**,**CONFIDENTIAL**,**CONFIDENTIAL**,**CONFIDENTIAL**,**CONFIDENTIAL**
070904088801204,1. RURAL,7. SNNP,09,04,8,88,012,04,1. MARKETPLACE,,17,10. June,2011,**CONFIDENTIAL**,**CONFIDENTIAL**,**CONFIDENTIAL**,**CONFIDENTIAL**,**CONFIDENTIAL**
070909088800504,1. RURAL,7. SNNP,09,09,8,88,005,04,1. MARKETPLACE,,19,10. June,2011,**CONFIDENTIAL**,**CONFIDENTIAL**,**CONFIDENTIAL**,**CONFIDENTIAL**,**CONFIDENTIAL**
071003088801004,1. RURAL,7. SNNP,10,03,8,88,010,04,1. MARKETPLACE,,20,10. June,2011,**CONFIDENTIAL**,**CONFIDENTIAL**,**CONFIDENTIAL**,**CONFIDENTIAL**,**CONFIDENTIAL**
071005020100101,2. URBAN,7. SNNP,10,05,2,1,001,01,1. MARKETPLACE,,25,10. June,2011,**CONFIDENTIAL**,**CONFIDENTIAL**,**CONFIDENTIAL**,**CONFIDENTIAL**,**CONFIDENTIAL**
071008088801603,1. RURAL,7. SNNP,10,08,8,88,016,03,1. MARKETPLACE,,25,10. June,2011,**CONFIDENTIAL**,**CONFIDENTIAL**,**CONFIDENTIAL**,**CONFIDENTIAL**,**CONFIDENTIAL**
071013088801005,1. RURAL,7. SNNP,10,13,8,88,010,05,1. MARKETPLACE,,21,10. June,2011,**CONFIDENTIAL**,**CONFIDENTIAL**,**CONFIDENTIAL**,**CONFIDENTIAL**,**CONFIDENTIAL**
071016010100610,2. URBAN,7. SNNP,10,16,1,1,006,10,1. MARKETPLACE,,26,10. June,2011,**CONFIDENTIAL**,**CONFIDENTIAL**,**CONFIDENTIAL**,**CONFIDENTIAL**,**CONFIDENTIAL**
071104088800912,1. RURAL,7. SNNP,11,04,8,88,009,12,1. MARKETPLACE,,17,10. June,2011,**CONFIDENTIAL**,**CONFIDENTIAL**,**CONFIDENTIAL**,**CONFIDENTIAL**,**CONFIDENTIAL**
071110010100102,2. URBAN,7. SNNP,11,10,1,1,001,02,1. MARKETPLACE,,14,10. June,2011,**CONFIDENTIAL**,**CONFIDENTIAL**,**CONFIDENTIAL**,**CONFIDENTIAL**,**CONFIDENTIAL**
071110088800906,1. RURAL,7. SNNP,11,10,8,88,009,06,1. MARKETPLACE,,24,10. June,2011,**CONFIDENTIAL**,**CONFIDENTIAL**,**CONFIDENTIAL**,**CONFIDENTIAL**,**CONFIDENTIAL**
071201088801101,1. RURAL,7. SNNP,12,01,8,88,011,01,1. MARKETPLACE,,22,10. June,2011,**CONFIDENTIAL**,**CONFIDENTIAL**,**CONFIDENTIAL**,**CONFIDENTIAL**,**CONFIDENTIAL**
071201088802507,1. RURAL,7. SNNP,12,01,8,88,025,07,1. MARKETPLACE,,27,10. June,2011,**CONFIDENTIAL**,**CONFIDENTIAL**,**CONFIDENTIAL**,**CONFIDENTIAL**,**CONFIDENTIAL**
071304010100212,2. URBAN,7. SNNP,13,04,1,1,002,12,2. SHOPS/STALLS,,5,,2011,**CONFIDENTIAL**,**CONFIDENTIAL**,**CONFIDENTIAL**,**CONFIDENTIAL**,**CONFIDENTIAL**
071308010100210,2. URBAN,7. SNNP,13,08,1,1,002,10,2. SHOPS/STALLS,,25,10. June,2008,**CONFIDENTIAL**,**CONFIDENTIAL**,**CONFIDENTIAL**,**CONFIDENTIAL**,**CONFIDENTIAL**
071501030100102,2. URBAN,7. SNNP,15,01,3,1,001,02,1. MARKETPLACE,,20,10. June,2011,**CONFIDENTIAL**,**CONFIDENTIAL**,**CONFIDENTIAL**,**CONFIDENTIAL**,**CONFIDENTIAL**
071502088801308,1. RURAL,7. SNNP,15,02,8,88,013,08,1. MARKETPLACE,,26,10. June,2011,**CONFIDENTIAL**,**CONFIDENTIAL**,**CONFIDENTIAL**,**CONFIDENTIAL**,**CONFIDENTIAL**
071504088803610,1. RURAL,7. SNNP,15,04,8,88,036,10,1. MARKETPLACE,,26,10. June,2011,**CONFIDENTIAL**,**CONFIDENTIAL**,**CONFIDENTIAL**,**CONFIDENTIAL**,**CONFIDENTIAL**
071601088800404,1. RURAL,7. SNNP,16,01,8,88,004,04,1. MARKETPLACE,,20,10. June,2011,**CONFIDENTIAL**,**CONFIDENTIAL**,**CONFIDENTIAL**,**CONFIDENTIAL**,**CONFIDENTIAL**
071601088804904,1. RURAL,7. SNNP,16,01,8,88,049,04,1. MARKETPLACE,,28,10. June,2011,**CONFIDENTIAL**,**CONFIDENTIAL**,**CONFIDENTIAL**,**CONFIDENTIAL**,**CONFIDENTIAL**
071701030100103,2. URBAN,7. SNNP,17,01,3,1,001,03,1. MARKETPLACE,,16,10. June,2011,**CONFIDENTIAL**,**CONFIDENTIAL**,**CONFIDENTIAL**,**CONFIDENTIAL**,**CONFIDENTIAL**
071701088802301,1. RURAL,7. SNNP,17,01,8,88,023,01,1. MARKETPLACE,,18,10. June,2011,**CONFIDENTIAL**,**CONFIDENTIAL**,**CONFIDENTIAL**,**CONFIDENTIAL**,**CONFIDENTIAL**
071704088800902,1. RURAL,7. SNNP,17,04,8,88,009,02,1. MARKETPLACE,,19,10. June,2011,**CONFIDENTIAL**,**CONFIDENTIAL**,**CONFIDENTIAL**,**CONFIDENTIAL**,**CONFIDENTIAL**
071801088800504,1. RURAL,7. SNNP,18,01,8,88,005,04,1. MARKETPLACE,,25,10. June,2011,**CONFIDENTIAL**,**CONFIDENTIAL**,**CONFIDENTIAL**,**CONFIDENTIAL**,**CONFIDENTIAL**
071801088801406,1. RURAL,7. SNNP,18,01,8,88,014,06,1. MARKETPLACE,,22,10. June,2011,**CONFIDENTIAL**,**CONFIDENTIAL**,**CONFIDENTIAL**,**CONFIDENTIAL**,**CONFIDENTIAL**
071901088801705,1. RURAL,7. SNNP,19,01,8,88,017,05,1. MARKETPLACE,,16,10. June,2011,**CONFIDENTIAL**,**CONFIDENTIAL**,**CONFIDENTIAL**,**CONFIDENTIAL**,**CONFIDENTIAL**
071901088803902,1. RURAL,7. SNNP,19,01,8,88,039,02,1. MARKETPLACE,,13,10. June,2011,**CONFIDENTIAL**,**CONFIDENTIAL**,**CONFIDENTIAL**,**CONFIDENTIAL**,**CONFIDENTIAL**
072001088800308,1. RURAL,7. SNNP,20,01,8,88,003,08,1. MARKETPLACE,,19,10. June,2011,**CONFIDENTIAL**,**CONFIDENTIAL**,**CONFIDENTIAL**,**CONFIDENTIAL**,**CONFIDENTIAL**
072003088802401,1. RURAL,7. SNNP,20,03,8,88,024,01,1. MARKETPLACE,,24,10. June,2011,**CONFIDENTIAL**,**CONFIDENTIAL**,**CONFIDENTIAL**,**CONFIDENTIAL**,**CONFIDENTIAL**
072005010100203,2. URBAN,7. SNNP,20,05,1,1,002,03,1. MARKETPLACE,,20,10. June,2008,**CONFIDENTIAL**,**CONFIDENTIAL**,**CONFIDENTIAL**,**CONFIDENTIAL**,**CONFIDENTIAL**
120101088801001,1. RURAL,12. GAMBELA,01,01,8,88,010,01,2. SHOPS/STALLS,,25,10. June,2011,**CONFIDENTIAL**,**CONFIDENTIAL**,**CONFIDENTIAL**,**CONFIDENTIAL**,**CONFIDENTIAL**
120102088800501,1. RURAL,12. GAMBELA,01,02,8,88,005,01,1. MARKETPLACE,,28,10. June,2011,**CONFIDENTIAL**,**CONFIDENTIAL**,**CONFIDENTIAL**,**CONFIDENTIAL**,**CONFIDENTIAL**
120103010100101,2. URBAN,12. GAMBELA,01,03,1,1,001,01,2. SHOPS/STALLS,,30,10. June,2011,**CONFIDENTIAL**,**CONFIDENTIAL**,**CONFIDENTIAL**,**CONFIDENTIAL**,**CONFIDENTIAL**
120103010100402,2. URBAN,12. GAMBELA,01,03,1,1,004,02,2. SHOPS/STALLS,,30,10. June,2011,**CONFIDENTIAL**,**CONFIDENTIAL**,**CONFIDENTIAL**,**CONFIDENTIAL**,**CONFIDENTIAL**
120103088800301,1. RURAL,12. GAMBELA,01,03,8,88,003,01,2. SHOPS/STALLS,,30,10. June,2011,**CONFIDENTIAL**,**CONFIDENTIAL**,**CONFIDENTIAL**,**CONFIDENTIAL**,**CONFIDENTIAL**
120105010100102,2. URBAN,12. GAMBELA,01,05,1,1,001,02,2. SHOPS/STALLS,,24,10. June,2011,**CONFIDENTIAL**,**CONFIDENTIAL**,**CONFIDENTIAL**,**CONFIDENTIAL**,**CONFIDENTIAL**
120105030100103,2. URBAN,12. GAMBELA,01,05,3,1,001,03,1. MARKETPLACE,,26,10. June,2011,**CONFIDENTIAL**,**CONFIDENTIAL**,**CONFIDENTIAL**,**CONFIDENTIAL**,**CONFIDENTIAL**
120105088800804,1. RURAL,12. GAMBELA,01,05,8,88,008,04,1. MARKETPLACE,,22,9. May,2008,**CONFIDENTIAL**,**CONFIDENTIAL**,**CONFIDENTIAL**,**CONFIDENTIAL**,**CONFIDENTIAL**
120105088801201,1. RURAL,12. GAMBELA,01,05,8,88,012,01,1. MARKETPLACE,,21,9. May,2008,**CONFIDENTIAL**,**CONFIDENTIAL**,**CONFIDENTIAL**,**CONFIDENTIAL**,**CONFIDENTIAL**
120106010100108,2. URBAN,12. GAMBELA,01,06,1,1,001,08,2. SHOPS/STALLS,,30,10. June,2011,**CONFIDENTIAL**,**CONFIDENTIAL**,**CONFIDENTIAL**,**CONFIDENTIAL**,**CONFIDENTIAL**
120106010100205,2. URBAN,12. GAMBELA,01,06,1,1,002,05,2. SHOPS/STALLS,,28,10. June,2011,**CONFIDENTIAL**,**CONFIDENTIAL**,**CONFIDENTIAL**,**CONFIDENTIAL**,**CONFIDENTIAL**
120106010100215,2. URBAN,12. GAMBELA,01,06,1,1,002,15,2. SHOPS/STALLS,,28,10. June,2011,**CONFIDENTIAL**,**CONFIDENTIAL**,**CONFIDENTIAL**,**CONFIDENTIAL**,**CONFIDENTIAL**
120106010100303,2. URBAN,12. GAMBELA,01,06,1,1,003,03,2. SHOPS/STALLS,,30,10. June,2011,**CONFIDENTIAL**,**CONFIDENTIAL**,**CONFIDENTIAL**,**CONFIDENTIAL**,**CONFIDENTIAL**
120106010100313,2. URBAN,12. GAMBELA,01,06,1,1,003,13,2. SHOPS/STALLS,,30,10. June,2011,**CONFIDENTIAL**,**CONFIDENTIAL**,**CONFIDENTIAL**,**CONFIDENTIAL**,**CONFIDENTIAL**
120106010100323,2. URBAN,12. GAMBELA,01,06,1,1,003,23,2. SHOPS/STALLS,,30,10. June,2011,**CONFIDENTIAL**,**CONFIDENTIAL**,**CONFIDENTIAL**,**CONFIDENTIAL**,**CONFIDENTIAL**
120106010100504,2. URBAN,12. GAMBELA,01,06,1,1,005,04,2. SHOPS/STALLS,,21,10. June,2011,**CONFIDENTIAL**,**CONFIDENTIAL**,**CONFIDENTIAL**,**CONFIDENTIAL**,**CONFIDENTIAL**
120106010100515,2. URBAN,12. GAMBELA,01,06,1,1,005,15,2. SHOPS/STALLS,,21,10. June,2011,**CONFIDENTIAL**,**CONFIDENTIAL**,**CONFIDENTIAL**,**CONFIDENTIAL**,**CONFIDENTIAL**
120106010100525,2. URBAN,12. GAMBELA,01,06,1,1,005,25,2. SHOPS/STALLS,,21,10. June,2011,**CONFIDENTIAL**,**CONFIDENTIAL**,**CONFIDENTIAL**,**CONFIDENTIAL**,**CONFIDENTIAL**
120201010100102,2. URBAN,12. GAMBELA,02,01,1,1,001,02,2. SHOPS/STALLS,,30,10. June,2011,**CONFIDENTIAL**,**CONFIDENTIAL**,**CONFIDENTIAL**,**CONFIDENTIAL**,**CONFIDENTIAL**
120201088800501,1. RURAL,12. GAMBELA,02,01,8,88,005,01,2. SHOPS/STALLS,,12,10. June,2008,**CONFIDENTIAL**,**CONFIDENTIAL**,**CONFIDENTIAL**,**CONFIDENTIAL**,**CONFIDENTIAL**
120201088802501,1. RURAL,12. GAMBELA,02,01,8,88,025,01,2. SHOPS/STALLS,,12,10. June,2011,**CONFIDENTIAL**,**CONFIDENTIAL**,**CONFIDENTIAL**,**CONFIDENTIAL**,**CONFIDENTIAL**
120202088802101,1. RURAL,12. GAMBELA,02,02,8,88,021,01,2. SHOPS/STALLS,,18,10. June,2011,**CONFIDENTIAL**,**CONFIDENTIAL**,**CONFIDENTIAL**,**CONFIDENTIAL**,**CONFIDENTIAL**
120203010100102,2. URBAN,12. GAMBELA,02,03,1,1,001,02,2. SHOPS/STALLS,,15,10. June,2011,**CONFIDENTIAL**,**CONFIDENTIAL**,**CONFIDENTIAL**,**CONFIDENTIAL**,**CONFIDENTIAL**
120205010100101,2. URBAN,12. GAMBELA,02,05,1,1,001,01,2. SHOPS/STALLS,,15,10. June,2011,**CONFIDENTIAL**,**CONFIDENTIAL**,**CONFIDENTIAL**,**CONFIDENTIAL**,**CONFIDENTIAL**
120301010100101,2. URBAN,12. GAMBELA,03,01,1,1,001,01,3. OTHER (SPECIFY),Megazene,26,10. June,2019,**CONFIDENTIAL**,**CONFIDENTIAL**,**CONFIDENTIAL**,**CONFIDENTIAL**,**CONFIDENTIAL**
120301010100113,2. URBAN,12. GAMBELA,03,01,1,1,001,13,3. OTHER (SPECIFY),Megazene,26,10. June,2019,**CONFIDENTIAL**,**CONFIDENTIAL**,**CONFIDENTIAL**,**CONFIDENTIAL**,**CONFIDENTIAL**
120301010100211,2. URBAN,12. GAMBELA,03,01,1,1,002,11,3. OTHER (SPECIFY),megazen,27,10. June,2019,**CONFIDENTIAL**,**CONFIDENTIAL**,**CONFIDENTIAL**,**CONFIDENTIAL**,**CONFIDENTIAL**
120301088800101,1. RURAL,12. GAMBELA,03,01,8,88,001,01,2. SHOPS/STALLS,,18,10. June,2008,**CONFIDENTIAL**,**CONFIDENTIAL**,**CONFIDENTIAL**,**CONFIDENTIAL**,**CONFIDENTIAL**
120301088800201,1. RURAL,12. GAMBELA,03,01,8,88,002,01,2. SHOPS/STALLS,,21,10. June,2008,**CONFIDENTIAL**,**CONFIDENTIAL**,**CONFIDENTIAL**,**CONFIDENTIAL**,**CONFIDENTIAL**
120301088800404,1. RURAL,12. GAMBELA,03,01,8,88,004,04,2. SHOPS/STALLS,,19,10. June,2008,**CONFIDENTIAL**,**CONFIDENTIAL**,**CONFIDENTIAL**,**CONFIDENTIAL**,**CONFIDENTIAL**
120301088800707,1. RURAL,12. GAMBELA,03,01,8,88,007,07,1. MARKETPLACE,,22,10. June,2011,**CONFIDENTIAL**,**CONFIDENTIAL**,**CONFIDENTIAL**,**CONFIDENTIAL**,**CONFIDENTIAL**
120301088801001,1. RURAL,12. GAMBELA,03,01,8,88,010,01,2. SHOPS/STALLS,,19,10. June,2011,**CONFIDENTIAL**,**CONFIDENTIAL**,**CONFIDENTIAL**,**CONFIDENTIAL**,**CONFIDENTIAL**
120302088800703,1. RURAL,12. GAMBELA,03,02,8,88,007,03,1. MARKETPLACE,,22,10. June,2011,**CONFIDENTIAL**,**CONFIDENTIAL**,**CONFIDENTIAL**,**CONFIDENTIAL**,**CONFIDENTIAL**
120302088800803,1. RURAL,12. GAMBELA,03,02,8,88,008,03,1. MARKETPLACE,,21,10. June,2011,**CONFIDENTIAL**,**CONFIDENTIAL**,**CONFIDENTIAL**,**CONFIDENTIAL**,**CONFIDENTIAL**
120302088801002,1. RURAL,12. GAMBELA,03,02,8,88,010,02,1. MARKETPLACE,,20,10. June,2011,**CONFIDENTIAL**,**CONFIDENTIAL**,**CONFIDENTIAL**,**CONFIDENTIAL**,**CONFIDENTIAL**
120302088801501,1. RURAL,12. GAMBELA,03,02,8,88,015,01,1. MARKETPLACE,,21,10. June,2011,**CONFIDENTIAL**,**CONFIDENTIAL**,**CONFIDENTIAL**,**CONFIDENTIAL**,**CONFIDENTIAL**
120401010100108,2. URBAN,12. GAMBELA,04,01,1,1,001,08,2. SHOPS/STALLS,,30,10. June,2011,**CONFIDENTIAL**,**CONFIDENTIAL**,**CONFIDENTIAL**,**CONFIDENTIAL**,**CONFIDENTIAL**
120401088800504,1. RURAL,12. GAMBELA,04,01,8,88,005,04,2. SHOPS/STALLS,,28,10. June,2011,**CONFIDENTIAL**,**CONFIDENTIAL**,**CONFIDENTIAL**,**CONFIDENTIAL**,**CONFIDENTIAL**
120401088801403,1. RURAL,12. GAMBELA,04,01,8,88,014,03,2. SHOPS/STALLS,,30,10. June,2011,**CONFIDENTIAL**,**CONFIDENTIAL**,**CONFIDENTIAL**,**CONFIDENTIAL**,**CONFIDENTIAL**
130101088800107,1. RURAL,13. HARAR,01,01,8,88,001,07,1. MARKETPLACE,,24,10. June,2011,**CONFIDENTIAL**,**CONFIDENTIAL**,**CONFIDENTIAL**,**CONFIDENTIAL**,**CONFIDENTIAL**
130101088800202,1. RURAL,13. HARAR,01,01,8,88,002,02,1. MARKETPLACE,,20,10. June,2011,**CONFIDENTIAL**,**CONFIDENTIAL**,**CONFIDENTIAL**,**CONFIDENTIAL**,**CONFIDENTIAL**
130101088800208,1. RURAL,13. HARAR,01,01,8,88,002,08,1. MARKETPLACE,,20,10. June,2011,**CONFIDENTIAL**,**CONFIDENTIAL**,**CONFIDENTIAL**,**CONFIDENTIAL**,**CONFIDENTIAL**
130101088800309,1. RURAL,13. HARAR,01,01,8,88,003,09,1. MARKETPLACE,,29,10. June,2011,**CONFIDENTIAL**,**CONFIDENTIAL**,**CONFIDENTIAL**,**CONFIDENTIAL**,**CONFIDENTIAL**
130101088800407,1. RURAL,13. HARAR,01,01,8,88,004,07,1. MARKETPLACE,,24,10. June,2008,**CONFIDENTIAL**,**CONFIDENTIAL**,**CONFIDENTIAL**,**CONFIDENTIAL**,**CONFIDENTIAL**
130101088800503,1. RURAL,13. HARAR,01,01,8,88,005,03,2. SHOPS/STALLS,,30,10. June,2011,**CONFIDENTIAL**,**CONFIDENTIAL**,**CONFIDENTIAL**,**CONFIDENTIAL**,**CONFIDENTIAL**
130101088800702,1. RURAL,13. HARAR,01,01,8,88,007,02,1. MARKETPLACE,,30,10. June,2011,**CONFIDENTIAL**,**CONFIDENTIAL**,**CONFIDENTIAL**,**CONFIDENTIAL**,**CONFIDENTIAL**
130102088800104,1. RURAL,13. HARAR,01,02,8,88,001,04,2. SHOPS/STALLS,,24,10. June,2011,**CONFIDENTIAL**,**CONFIDENTIAL**,**CONFIDENTIAL**,**CONFIDENTIAL**,**CONFIDENTIAL**
130102088800111,1. RURAL,13. HARAR,01,02,8,88,001,11,2. SHOPS/STALLS,,24,10. June,2011,**CONFIDENTIAL**,**CONFIDENTIAL**,**CONFIDENTIAL**,**CONFIDENTIAL**,**CONFIDENTIAL**
130102088800301,1. RURAL,13. HARAR,01,02,8,88,003,01,2. SHOPS/STALLS,,25,10. June,2011,**CONFIDENTIAL**,**CONFIDENTIAL**,**CONFIDENTIAL**,**CONFIDENTIAL**,**CONFIDENTIAL**
130102088800408,1. RURAL,13. HARAR,01,02,8,88,004,08,1. MARKETPLACE,,24,10. June,2011,**CONFIDENTIAL**,**CONFIDENTIAL**,**CONFIDENTIAL**,**CONFIDENTIAL**,**CONFIDENTIAL**
130102088800415,1. RURAL,13. HARAR,01,02,8,88,004,15,1. MARKETPLACE,,24,10. June,2011,**CONFIDENTIAL**,**CONFIDENTIAL**,**CONFIDENTIAL**,**CONFIDENTIAL**,**CONFIDENTIAL**
130102088800511,1. RURAL,13. HARAR,01,02,8,88,005,11,1. MARKETPLACE,,29,10. June,2011,**CONFIDENTIAL**,**CONFIDENTIAL**,**CONFIDENTIAL**,**CONFIDENTIAL**,**CONFIDENTIAL**
130102088800608,1. RURAL,13. HARAR,01,02,8,88,006,08,1. MARKETPLACE,,25,10. June,2008,**CONFIDENTIAL**,**CONFIDENTIAL**,**CONFIDENTIAL**,**CONFIDENTIAL**,**CONFIDENTIAL**
130103088800103,1. RURAL,13. HARAR,01,03,8,88,001,03,2. SHOPS/STALLS,,27,10. June,2011,**CONFIDENTIAL**,**CONFIDENTIAL**,**CONFIDENTIAL**,**CONFIDENTIAL**,**CONFIDENTIAL**
130103088800211,1. RURAL,13. HARAR,01,03,8,88,002,11,1. MARKETPLACE,,20,10. June,2011,**CONFIDENTIAL**,**CONFIDENTIAL**,**CONFIDENTIAL**,**CONFIDENTIAL**,**CONFIDENTIAL**
130103088800305,1. RURAL,13. HARAR,01,03,8,88,003,05,1. MARKETPLACE,,17,10. June,2011,**CONFIDENTIAL**,**CONFIDENTIAL**,**CONFIDENTIAL**,**CONFIDENTIAL**,**CONFIDENTIAL**
130103088800402,1. RURAL,13. HARAR,01,03,8,88,004,02,1. MARKETPLACE,,28,10. June,2008,**CONFIDENTIAL**,**CONFIDENTIAL**,**CONFIDENTIAL**,**CONFIDENTIAL**,**CONFIDENTIAL**
130104010100101,2. URBAN,13. HARAR,01,04,1,1,001,01,1. MARKETPLACE,,27,10. June,2008,**CONFIDENTIAL**,**CONFIDENTIAL**,**CONFIDENTIAL**,**CONFIDENTIAL**,**CONFIDENTIAL**
130104010100202,2. URBAN,13. HARAR,01,04,1,1,002,02,1. MARKETPLACE,,28,10. June,2008,**CONFIDENTIAL**,**CONFIDENTIAL**,**CONFIDENTIAL**,**CONFIDENTIAL**,**CONFIDENTIAL**
130104010100210,2. URBAN,13. HARAR,01,04,1,1,002,10,1. MARKETPLACE,,28,10. June,2008,**CONFIDENTIAL**,**CONFIDENTIAL**,**CONFIDENTIAL**,**CONFIDENTIAL**,**CONFIDENTIAL**
130104010100219,2. URBAN,13. HARAR,01,04,1,1,002,19,1. MARKETPLACE,,28,10. June,2008,**CONFIDENTIAL**,**CONFIDENTIAL**,**CONFIDENTIAL**,**CONFIDENTIAL**,**CONFIDENTIAL**
130104010100226,2. URBAN,13. HARAR,01,04,1,1,002,26,1. MARKETPLACE,,28,10. June,2008,**CONFIDENTIAL**,**CONFIDENTIAL**,**CONFIDENTIAL**,**CONFIDENTIAL**,**CONFIDENTIAL**
130104010100305,2. URBAN,13. HARAR,01,04,1,1,003,05,1. MARKETPLACE,,27,10. June,2008,**CONFIDENTIAL**,**CONFIDENTIAL**,**CONFIDENTIAL**,**CONFIDENTIAL**,**CONFIDENTIAL**
130104010100312,2. URBAN,13. HARAR,01,04,1,1,003,12,1. MARKETPLACE,,27,10. June,2008,**CONFIDENTIAL**,**CONFIDENTIAL**,**CONFIDENTIAL**,**CONFIDENTIAL**,**CONFIDENTIAL**
130104010100321,2. URBAN,13. HARAR,01,04,1,1,003,21,1. MARKETPLACE,,28,10. June,2008,**CONFIDENTIAL**,**CONFIDENTIAL**,**CONFIDENTIAL**,**CONFIDENTIAL**,**CONFIDENTIAL**
130105010100102,2. URBAN,13. HARAR,01,05,1,1,001,02,1. MARKETPLACE,,28,10. June,2008,**CONFIDENTIAL**,**CONFIDENTIAL**,**CONFIDENTIAL**,**CONFIDENTIAL**,**CONFIDENTIAL**
130105010100203,2. URBAN,13. HARAR,01,05,1,1,002,03,1. MARKETPLACE,,29,10. June,2008,**CONFIDENTIAL**,**CONFIDENTIAL**,**CONFIDENTIAL**,**CONFIDENTIAL**,**CONFIDENTIAL**
130105010100209,2. URBAN,13. HARAR,01,05,1,1,002,09,1. MARKETPLACE,,29,10. June,2008,**CONFIDENTIAL**,**CONFIDENTIAL**,**CONFIDENTIAL**,**CONFIDENTIAL**,**CONFIDENTIAL**
130106010100101,2. URBAN,13. HARAR,01,06,1,1,001,01,1. MARKETPLACE,,30,10. June,2008,**CONFIDENTIAL**,**CONFIDENTIAL**,**CONFIDENTIAL**,**CONFIDENTIAL**,**CONFIDENTIAL**
130106010100108,2. URBAN,13. HARAR,01,06,1,1,001,08,1. MARKETPLACE,,28,10. June,2008,**CONFIDENTIAL**,**CONFIDENTIAL**,**CONFIDENTIAL**,**CONFIDENTIAL**,**CONFIDENTIAL**
130106010100201,2. URBAN,13. HARAR,01,06,1,1,002,01,1. MARKETPLACE,,28,10. June,2008,**CONFIDENTIAL**,**CONFIDENTIAL**,**CONFIDENTIAL**,**CONFIDENTIAL**,**CONFIDENTIAL**
130106010100208,2. URBAN,13. HARAR,01,06,1,1,002,08,1. MARKETPLACE,,28,10. June,2008,**CONFIDENTIAL**,**CONFIDENTIAL**,**CONFIDENTIAL**,**CONFIDENTIAL**,**CONFIDENTIAL**
130106010100304,2. URBAN,13. HARAR,01,06,1,1,003,04,1. MARKETPLACE,,28,10. June,2008,**CONFIDENTIAL**,**CONFIDENTIAL**,**CONFIDENTIAL**,**CONFIDENTIAL**,**CONFIDENTIAL**
130107010100103,2. URBAN,13. HARAR,01,07,1,1,001,03,1. MARKETPLACE,,29,10. June,2008,**CONFIDENTIAL**,**CONFIDENTIAL**,**CONFIDENTIAL**,**CONFIDENTIAL**,**CONFIDENTIAL**
130107010100208,2. URBAN,13. HARAR,01,07,1,1,002,08,1. MARKETPLACE,,27,10. June,2008,**CONFIDENTIAL**,**CONFIDENTIAL**,**CONFIDENTIAL**,**CONFIDENTIAL**,**CONFIDENTIAL**
130107010100305,2. URBAN,13. HARAR,01,07,1,1,003,05,1. MARKETPLACE,,27,10. June,2008,**CONFIDENTIAL**,**CONFIDENTIAL**,**CONFIDENTIAL**,**CONFIDENTIAL**,**CONFIDENTIAL**
130108010100203,2. URBAN,13. HARAR,01,08,1,1,002,03,1. MARKETPLACE,,27,10. June,2008,**CONFIDENTIAL**,**CONFIDENTIAL**,**CONFIDENTIAL**,**CONFIDENTIAL**,**CONFIDENTIAL**
130108010100301,2. URBAN,13. HARAR,01,08,1,1,003,01,1. MARKETPLACE,,28,10. June,2008,**CONFIDENTIAL**,**CONFIDENTIAL**,**CONFIDENTIAL**,**CONFIDENTIAL**,**CONFIDENTIAL**
130108010100309,2. URBAN,13. HARAR,01,08,1,1,003,09,1. MARKETPLACE,,27,10. June,2008,**CONFIDENTIAL**,**CONFIDENTIAL**,**CONFIDENTIAL**,**CONFIDENTIAL**,**CONFIDENTIAL**
130108010100317,2. URBAN,13. HARAR,01,08,1,1,003,17,1. MARKETPLACE,,27,10. June,2008,**CONFIDENTIAL**,**CONFIDENTIAL**,**CONFIDENTIAL**,**CONFIDENTIAL**,**CONFIDENTIAL**
130109010100303,2. URBAN,13. HARAR,01,09,1,1,003,03,1. MARKETPLACE,,29,10. June,2008,**CONFIDENTIAL**,**CONFIDENTIAL**,**CONFIDENTIAL**,**CONFIDENTIAL**,**CONFIDENTIAL**
140101010100114,2. URBAN,14. ADDIS ABABA,01,01,1,1,001,14,1. MARKETPLACE,,24,,2011,**CONFIDENTIAL**,**CONFIDENTIAL**,**CONFIDENTIAL**,**CONFIDENTIAL**,**CONFIDENTIAL**
140104010100403,2. URBAN,14. ADDIS ABABA,01,04,1,1,004,03,1. MARKETPLACE,,17,10. June,2011,**CONFIDENTIAL**,**CONFIDENTIAL**,**CONFIDENTIAL**,**CONFIDENTIAL**,**CONFIDENTIAL**
140107010100712,2. URBAN,14. ADDIS ABABA,01,07,1,1,007,12,1. MARKETPLACE,,14,10. June,2011,**CONFIDENTIAL**,**CONFIDENTIAL**,**CONFIDENTIAL**,**CONFIDENTIAL**,**CONFIDENTIAL**
140109010100904,2. URBAN,14. ADDIS ABABA,01,09,1,1,009,04,1. MARKETPLACE,,1,,2011,**CONFIDENTIAL**,**CONFIDENTIAL**,**CONFIDENTIAL**,**CONFIDENTIAL**,**CONFIDENTIAL**
140202010200210,2. URBAN,14. ADDIS ABABA,02,02,1,2,002,10,1. MARKETPLACE,,20,10. June,2008,**CONFIDENTIAL**,**CONFIDENTIAL**,**CONFIDENTIAL**,**CONFIDENTIAL**,**CONFIDENTIAL**
140205010200504,2. URBAN,14. ADDIS ABABA,02,05,1,2,005,04,1. MARKETPLACE,,20,10. June,2008,**CONFIDENTIAL**,**CONFIDENTIAL**,**CONFIDENTIAL**,**CONFIDENTIAL**,**CONFIDENTIAL**
140208010200823,2. URBAN,14. ADDIS ABABA,02,08,1,2,008,23,2. SHOPS/STALLS,,23,10. June,2008,**CONFIDENTIAL**,**CONFIDENTIAL**,**CONFIDENTIAL**,**CONFIDENTIAL**,**CONFIDENTIAL**
140301010300138,2. URBAN,14. ADDIS ABABA,03,01,1,3,001,38,1. MARKETPLACE,,15,10. June,2011,**CONFIDENTIAL**,**CONFIDENTIAL**,**CONFIDENTIAL**,**CONFIDENTIAL**,**CONFIDENTIAL**
140303010300315,2. URBAN,14. ADDIS ABABA,03,03,1,3,003,15,1. MARKETPLACE,,21,10. June,2008,**CONFIDENTIAL**,**CONFIDENTIAL**,**CONFIDENTIAL**,**CONFIDENTIAL**,**CONFIDENTIAL**
140303010300329,2. URBAN,14. ADDIS ABABA,03,03,1,3,003,29,1. MARKETPLACE,,21,10. June,2008,**CONFIDENTIAL**,**CONFIDENTIAL**,**CONFIDENTIAL**,**CONFIDENTIAL**,**CONFIDENTIAL**
140305010300533,2. URBAN,14. ADDIS ABABA,03,05,1,3,005,33,1. MARKETPLACE,,22,10. June,2008,**CONFIDENTIAL**,**CONFIDENTIAL**,**CONFIDENTIAL**,**CONFIDENTIAL**,**CONFIDENTIAL**
140307010300706,2. URBAN,14. ADDIS ABABA,03,07,1,3,007,06,1. MARKETPLACE,,21,10. June,2008,**CONFIDENTIAL**,**CONFIDENTIAL**,**CONFIDENTIAL**,**CONFIDENTIAL**,**CONFIDENTIAL**
140309010300913,2. URBAN,14. ADDIS ABABA,03,09,1,3,009,13,1. MARKETPLACE,,23,10. June,2008,**CONFIDENTIAL**,**CONFIDENTIAL**,**CONFIDENTIAL**,**CONFIDENTIAL**,**CONFIDENTIAL**
140311010301140,2. URBAN,14. ADDIS ABABA,03,11,1,3,011,40,1. MARKETPLACE,,20,10. June,2008,**CONFIDENTIAL**,**CONFIDENTIAL**,**CONFIDENTIAL**,**CONFIDENTIAL**,**CONFIDENTIAL**
140313010301371,2. URBAN,14. ADDIS ABABA,03,13,1,3,013,71,1. MARKETPLACE,,26,10. June,2008,**CONFIDENTIAL**,**CONFIDENTIAL**,**CONFIDENTIAL**,**CONFIDENTIAL**,**CONFIDENTIAL**
140405010400515,2. URBAN,14. ADDIS ABABA,04,05,1,4,005,15,1. MARKETPLACE,,1,10. June,2011,**CONFIDENTIAL**,**CONFIDENTIAL**,**CONFIDENTIAL**,**CONFIDENTIAL**,**CONFIDENTIAL**
140501010500113,2. URBAN,14. ADDIS ABABA,05,01,1,5,001,13,1. MARKETPLACE,,20,10. June,2011,**CONFIDENTIAL**,**CONFIDENTIAL**,**CONFIDENTIAL**,**CONFIDENTIAL**,**CONFIDENTIAL**
140509010500925,2. URBAN,14. ADDIS ABABA,05,09,1,5,009,25,1. MARKETPLACE,,23,10. June,2008,**CONFIDENTIAL**,**CONFIDENTIAL**,**CONFIDENTIAL**,**CONFIDENTIAL**,**CONFIDENTIAL**
140602010600224,2. URBAN,14. ADDIS ABABA,06,02,1,6,002,24,2. SHOPS/STALLS,,21,10. June,2011,**CONFIDENTIAL**,**CONFIDENTIAL**,**CONFIDENTIAL**,**CONFIDENTIAL**,**CONFIDENTIAL**
140606010600617,2. URBAN,14. ADDIS ABABA,06,06,1,6,006,17,1. MARKETPLACE,,17,10. June,2011,**CONFIDENTIAL**,**CONFIDENTIAL**,**CONFIDENTIAL**,**CONFIDENTIAL**,**CONFIDENTIAL**
140701010700106,2. URBAN,14. ADDIS ABABA,07,01,1,7,001,06,2. SHOPS/STALLS,,25,10. June,2011,**CONFIDENTIAL**,**CONFIDENTIAL**,**CONFIDENTIAL**,**CONFIDENTIAL**,**CONFIDENTIAL**
140702010700258,2. URBAN,14. ADDIS ABABA,07,02,1,7,002,58,1. MARKETPLACE,,13,10. June,2011,**CONFIDENTIAL**,**CONFIDENTIAL**,**CONFIDENTIAL**,**CONFIDENTIAL**,**CONFIDENTIAL**
140705010700528,2. URBAN,14. ADDIS ABABA,07,05,1,7,005,28,1. MARKETPLACE,,15,10. June,2011,**CONFIDENTIAL**,**CONFIDENTIAL**,**CONFIDENTIAL**,**CONFIDENTIAL**,**CONFIDENTIAL**
140707010700732,2. URBAN,14. ADDIS ABABA,07,07,1,7,007,32,3. OTHER (SPECIFY),Suqena gebya,15,10. June,2011,**CONFIDENTIAL**,**CONFIDENTIAL**,**CONFIDENTIAL**,**CONFIDENTIAL**,**CONFIDENTIAL**
140710010701008,2. URBAN,14. ADDIS ABABA,07,10,1,7,010,08,3. OTHER (SPECIFY),Kehbretsebna suqe,21,10. June,2011,**CONFIDENTIAL**,**CONFIDENTIAL**,**CONFIDENTIAL**,**CONFIDENTIAL**,**CONFIDENTIAL**
140711010701116,2. URBAN,14. ADDIS ABABA,07,11,1,7,011,16,1. MARKETPLACE,,24,10. June,2011,**CONFIDENTIAL**,**CONFIDENTIAL**,**CONFIDENTIAL**,**CONFIDENTIAL**,**CONFIDENTIAL**
140712010701250,2. URBAN,14. ADDIS ABABA,07,12,1,7,012,50,1. MARKETPLACE,,18,10. June,2011,**CONFIDENTIAL**,**CONFIDENTIAL**,**CONFIDENTIAL**,**CONFIDENTIAL**,**CONFIDENTIAL**
140712010701264,2. URBAN,14. ADDIS ABABA,07,12,1,7,012,64,1. MARKETPLACE,,18,10. June,2011,**CONFIDENTIAL**,**CONFIDENTIAL**,**CONFIDENTIAL**,**CONFIDENTIAL**,**CONFIDENTIAL**
140713010701371,2. URBAN,14. ADDIS ABABA,07,13,1,7,013,71,1. MARKETPLACE,,20,10. June,2011,**CONFIDENTIAL**,**CONFIDENTIAL**,**CONFIDENTIAL**,**CONFIDENTIAL**,**CONFIDENTIAL**
140801010800119,2. URBAN,14. ADDIS ABABA,08,01,1,8,001,19,3. OTHER (SPECIFY),khibretasebu twekayoche,10,10. June,2008,**CONFIDENTIAL**,**CONFIDENTIAL**,**CONFIDENTIAL**,**CONFIDENTIAL**,**CONFIDENTIAL**
140804010800447,2. URBAN,14. ADDIS ABABA,08,04,1,8,004,47,3. OTHER (SPECIFY),khibretasebu twekayoche,10,10. June,2008,**CONFIDENTIAL**,**CONFIDENTIAL**,**CONFIDENTIAL**,**CONFIDENTIAL**,**CONFIDENTIAL**
140807010800749,2. URBAN,14. ADDIS ABABA,08,07,1,8,007,49,1. MARKETPLACE,,29,10. June,2011,**CONFIDENTIAL**,**CONFIDENTIAL**,**CONFIDENTIAL**,**CONFIDENTIAL**,**CONFIDENTIAL**
140809010800932,2. URBAN,14. ADDIS ABABA,08,09,1,8,009,32,3. OTHER (SPECIFY),wofecho bet & suke,28,10. June,2011,**CONFIDENTIAL**,**CONFIDENTIAL**,**CONFIDENTIAL**,**CONFIDENTIAL**,**CONFIDENTIAL**
140810010801022,2. URBAN,14. ADDIS ABABA,08,10,1,8,010,22,1. MARKETPLACE,,26,10. June,2011,**CONFIDENTIAL**,**CONFIDENTIAL**,**CONFIDENTIAL**,**CONFIDENTIAL**,**CONFIDENTIAL**
140810010801057,2. URBAN,14. ADDIS ABABA,08,10,1,8,010,57,1. MARKETPLACE,,26,10. June,2011,**CONFIDENTIAL**,**CONFIDENTIAL**,**CONFIDENTIAL**,**CONFIDENTIAL**,**CONFIDENTIAL**
140812010801246,2. URBAN,14. ADDIS ABABA,08,12,1,8,012,46,3. OTHER (SPECIFY),yhibertsebu tewekayouch,23,10. June,2011,**CONFIDENTIAL**,**CONFIDENTIAL**,**CONFIDENTIAL**,**CONFIDENTIAL**,**CONFIDENTIAL**
140813010801344,2. URBAN,14. ADDIS ABABA,08,13,1,8,013,44,1. MARKETPLACE,,13,,2011,**CONFIDENTIAL**,**CONFIDENTIAL**,**CONFIDENTIAL**,**CONFIDENTIAL**,**CONFIDENTIAL**
140901010900115,2. URBAN,14. ADDIS ABABA,09,01,1,9,001,15,1. MARKETPLACE,,2,10. June,2008,**CONFIDENTIAL**,**CONFIDENTIAL**,**CONFIDENTIAL**,**CONFIDENTIAL**,**CONFIDENTIAL**
140901010900128,2. URBAN,14. ADDIS ABABA,09,01,1,9,001,28,1. MARKETPLACE,,2,10. June,2008,**CONFIDENTIAL**,**CONFIDENTIAL**,**CONFIDENTIAL**,**CONFIDENTIAL**,**CONFIDENTIAL**
140902010900263,2. URBAN,14. ADDIS ABABA,09,02,1,9,002,63,1. MARKETPLACE,,20,10. June,2011,**CONFIDENTIAL**,**CONFIDENTIAL**,**CONFIDENTIAL**,**CONFIDENTIAL**,**CONFIDENTIAL**
140905010900503,2. URBAN,14. ADDIS ABABA,09,05,1,9,005,03,1. MARKETPLACE,,14,,2011,**CONFIDENTIAL**,**CONFIDENTIAL**,**CONFIDENTIAL**,**CONFIDENTIAL**,**CONFIDENTIAL**
140906010900663,2. URBAN,14. ADDIS ABABA,09,06,1,9,006,63,1. MARKETPLACE,,21,10. June,2011,**CONFIDENTIAL**,**CONFIDENTIAL**,**CONFIDENTIAL**,**CONFIDENTIAL**,**CONFIDENTIAL**
140909010900935,2. URBAN,14. ADDIS ABABA,09,09,1,9,009,35,2. SHOPS/STALLS,,17,10. June,2011,**CONFIDENTIAL**,**CONFIDENTIAL**,**CONFIDENTIAL**,**CONFIDENTIAL**,**CONFIDENTIAL**
140911010901147,2. URBAN,14. ADDIS ABABA,09,11,1,9,011,47,1. MARKETPLACE,,27,10. June,2011,**CONFIDENTIAL**,**CONFIDENTIAL**,**CONFIDENTIAL**,**CONFIDENTIAL**,**CONFIDENTIAL**
140912010901207,2. URBAN,14. ADDIS ABABA,09,12,1,9,012,07,1. MARKETPLACE,,5,10. June,2008,**CONFIDENTIAL**,**CONFIDENTIAL**,**CONFIDENTIAL**,**CONFIDENTIAL**,**CONFIDENTIAL**
141001011000136,2. URBAN,14. ADDIS ABABA,10,01,1,10,001,36,1. MARKETPLACE,,17,10. June,2011,**CONFIDENTIAL**,**CONFIDENTIAL**,**CONFIDENTIAL**,**CONFIDENTIAL**,**CONFIDENTIAL**
141004011000409,2. URBAN,14. ADDIS ABABA,10,04,1,10,004,09,1. MARKETPLACE,,21,,2011,**CONFIDENTIAL**,**CONFIDENTIAL**,**CONFIDENTIAL**,**CONFIDENTIAL**,**CONFIDENTIAL**
141005011000511,2. URBAN,14. ADDIS ABABA,10,05,1,10,005,11,1. MARKETPLACE,,29,10. June,2008,**CONFIDENTIAL**,**CONFIDENTIAL**,**CONFIDENTIAL**,**CONFIDENTIAL**,**CONFIDENTIAL**
141007011000713,2. URBAN,14. ADDIS ABABA,10,07,1,10,007,13,1. MARKETPLACE,,18,10. June,2011,**CONFIDENTIAL**,**CONFIDENTIAL**,**CONFIDENTIAL**,**CONFIDENTIAL**,**CONFIDENTIAL**
141008011000847,2. URBAN,14. ADDIS ABABA,10,08,1,10,008,47,1. MARKETPLACE,,30,10. June,2008,**CONFIDENTIAL**,**CONFIDENTIAL**,**CONFIDENTIAL**,**CONFIDENTIAL**,**CONFIDENTIAL**
150101010100105,2. URBAN,15. DIRE DAWA,01,01,1,1,001,05,1. MARKETPLACE,,15,10. June,2011,**CONFIDENTIAL**,**CONFIDENTIAL**,**CONFIDENTIAL**,**CONFIDENTIAL**,**CONFIDENTIAL**
150101010100117,2. URBAN,15. DIRE DAWA,01,01,1,1,001,17,1. MARKETPLACE,,15,10. June,2011,**CONFIDENTIAL**,**CONFIDENTIAL**,**CONFIDENTIAL**,**CONFIDENTIAL**,**CONFIDENTIAL**
150101010100305,2. URBAN,15. DIRE DAWA,01,01,1,1,003,05,1. MARKETPLACE,,25,10. June,2008,**CONFIDENTIAL**,**CONFIDENTIAL**,**CONFIDENTIAL**,**CONFIDENTIAL**,**CONFIDENTIAL**
150101010100318,2. URBAN,15. DIRE DAWA,01,01,1,1,003,18,1. MARKETPLACE,,25,10. June,2008,**CONFIDENTIAL**,**CONFIDENTIAL**,**CONFIDENTIAL**,**CONFIDENTIAL**,**CONFIDENTIAL**
150101010100330,2. URBAN,15. DIRE DAWA,01,01,1,1,003,30,1. MARKETPLACE,,25,10. June,2008,**CONFIDENTIAL**,**CONFIDENTIAL**,**CONFIDENTIAL**,**CONFIDENTIAL**,**CONFIDENTIAL**
150101010100344,2. URBAN,15. DIRE DAWA,01,01,1,1,003,44,1. MARKETPLACE,,25,10. June,2008,**CONFIDENTIAL**,**CONFIDENTIAL**,**CONFIDENTIAL**,**CONFIDENTIAL**,**CONFIDENTIAL**
150101010100357,2. URBAN,15. DIRE DAWA,01,01,1,1,003,57,1. MARKETPLACE,,20,10. June,2008,**CONFIDENTIAL**,**CONFIDENTIAL**,**CONFIDENTIAL**,**CONFIDENTIAL**,**CONFIDENTIAL**
150101010100370,2. URBAN,15. DIRE DAWA,01,01,1,1,003,70,1. MARKETPLACE,,20,10. June,2008,**CONFIDENTIAL**,**CONFIDENTIAL**,**CONFIDENTIAL**,**CONFIDENTIAL**,**CONFIDENTIAL**
150101010100383,2. URBAN,15. DIRE DAWA,01,01,1,1,003,83,1. MARKETPLACE,,20,10. June,2008,**CONFIDENTIAL**,**CONFIDENTIAL**,**CONFIDENTIAL**,**CONFIDENTIAL**,**CONFIDENTIAL**
150101010100407,2. URBAN,15. DIRE DAWA,01,01,1,1,004,07,1. MARKETPLACE,,9,10. June,2008,**CONFIDENTIAL**,**CONFIDENTIAL**,**CONFIDENTIAL**,**CONFIDENTIAL**,**CONFIDENTIAL**
150101010100420,2. URBAN,15. DIRE DAWA,01,01,1,1,004,20,1. MARKETPLACE,,9,10. June,2008,**CONFIDENTIAL**,**CONFIDENTIAL**,**CONFIDENTIAL**,**CONFIDENTIAL**,**CONFIDENTIAL**
150101010100431,2. URBAN,15. DIRE DAWA,01,01,1,1,004,31,1. MARKETPLACE,,9,10. June,2008,**CONFIDENTIAL**,**CONFIDENTIAL**,**CONFIDENTIAL**,**CONFIDENTIAL**,**CONFIDENTIAL**
150101010100511,2. URBAN,15. DIRE DAWA,01,01,1,1,005,11,1. MARKETPLACE,,30,10. June,2008,**CONFIDENTIAL**,**CONFIDENTIAL**,**CONFIDENTIAL**,**CONFIDENTIAL**,**CONFIDENTIAL**
150101010100524,2. URBAN,15. DIRE DAWA,01,01,1,1,005,24,1. MARKETPLACE,,30,10. June,2008,**CONFIDENTIAL**,**CONFIDENTIAL**,**CONFIDENTIAL**,**CONFIDENTIAL**,**CONFIDENTIAL**
150101010100538,2. URBAN,15. DIRE DAWA,01,01,1,1,005,38,1. MARKETPLACE,,30,10. June,2008,**CONFIDENTIAL**,**CONFIDENTIAL**,**CONFIDENTIAL**,**CONFIDENTIAL**,**CONFIDENTIAL**
150101010100550,2. URBAN,15. DIRE DAWA,01,01,1,1,005,50,1. MARKETPLACE,,30,10. June,2008,**CONFIDENTIAL**,**CONFIDENTIAL**,**CONFIDENTIAL**,**CONFIDENTIAL**,**CONFIDENTIAL**
150101010100607,2. URBAN,15. DIRE DAWA,01,01,1,1,006,07,1. MARKETPLACE,,22,10. June,2008,**CONFIDENTIAL**,**CONFIDENTIAL**,**CONFIDENTIAL**,**CONFIDENTIAL**,**CONFIDENTIAL**
150101010100620,2. URBAN,15. DIRE DAWA,01,01,1,1,006,20,1. MARKETPLACE,,22,10. June,2008,**CONFIDENTIAL**,**CONFIDENTIAL**,**CONFIDENTIAL**,**CONFIDENTIAL**,**CONFIDENTIAL**
150101010100712,2. URBAN,15. DIRE DAWA,01,01,1,1,007,12,1. MARKETPLACE,,22,10. June,2008,**CONFIDENTIAL**,**CONFIDENTIAL**,**CONFIDENTIAL**,**CONFIDENTIAL**,**CONFIDENTIAL**
150101010100726,2. URBAN,15. DIRE DAWA,01,01,1,1,007,26,1. MARKETPLACE,,22,10. June,2008,**CONFIDENTIAL**,**CONFIDENTIAL**,**CONFIDENTIAL**,**CONFIDENTIAL**,**CONFIDENTIAL**
150101010100807,2. URBAN,15. DIRE DAWA,01,01,1,1,008,07,1. MARKETPLACE,,26,10. June,2008,**CONFIDENTIAL**,**CONFIDENTIAL**,**CONFIDENTIAL**,**CONFIDENTIAL**,**CONFIDENTIAL**
150101010100822,2. URBAN,15. DIRE DAWA,01,01,1,1,008,22,1. MARKETPLACE,,26,10. June,2008,**CONFIDENTIAL**,**CONFIDENTIAL**,**CONFIDENTIAL**,**CONFIDENTIAL**,**CONFIDENTIAL**
150101010100912,2. URBAN,15. DIRE DAWA,01,01,1,1,009,12,1. MARKETPLACE,,28,10. June,2008,**CONFIDENTIAL**,**CONFIDENTIAL**,**CONFIDENTIAL**,**CONFIDENTIAL**,**CONFIDENTIAL**
150101010101001,2. URBAN,15. DIRE DAWA,01,01,1,1,010,01,1. MARKETPLACE,,20,10. June,2008,**CONFIDENTIAL**,**CONFIDENTIAL**,**CONFIDENTIAL**,**CONFIDENTIAL**,**CONFIDENTIAL**
150101010101013,2. URBAN,15. DIRE DAWA,01,01,1,1,010,13,1. MARKETPLACE,,20,10. June,2008,**CONFIDENTIAL**,**CONFIDENTIAL**,**CONFIDENTIAL**,**CONFIDENTIAL**,**CONFIDENTIAL**
150101010101026,2. URBAN,15. DIRE DAWA,01,01,1,1,010,26,1. MARKETPLACE,,20,10. June,2008,**CONFIDENTIAL**,**CONFIDENTIAL**,**CONFIDENTIAL**,**CONFIDENTIAL**,**CONFIDENTIAL**
150101010110304,2. URBAN,15. DIRE DAWA,01,01,1,1,103,04,1. MARKETPLACE,,20,10. June,2008,**CONFIDENTIAL**,**CONFIDENTIAL**,**CONFIDENTIAL**,**CONFIDENTIAL**,**CONFIDENTIAL**
150101010110317,2. URBAN,15. DIRE DAWA,01,01,1,1,103,17,1. MARKETPLACE,,20,10. June,2008,**CONFIDENTIAL**,**CONFIDENTIAL**,**CONFIDENTIAL**,**CONFIDENTIAL**,**CONFIDENTIAL**
150101088800302,1. RURAL,15. DIRE DAWA,01,01,8,88,003,02,2. SHOPS/STALLS,,26,10. June,2011,**CONFIDENTIAL**,**CONFIDENTIAL**,**CONFIDENTIAL**,**CONFIDENTIAL**,**CONFIDENTIAL**
150101088800411,2. URBAN,15. DIRE DAWA,01,01,8,88,004,11,1. MARKETPLACE,,25,10. June,2008,**CONFIDENTIAL**,**CONFIDENTIAL**,**CONFIDENTIAL**,**CONFIDENTIAL**,**CONFIDENTIAL**
150101088800501,1. RURAL,15. DIRE DAWA,01,01,8,88,005,01,1. MARKETPLACE,,28,10. June,,**CONFIDENTIAL**,**CONFIDENTIAL**,**CONFIDENTIAL**,**CONFIDENTIAL**,**CONFIDENTIAL**
150101088801007,1. RURAL,15. DIRE DAWA,01,01,8,88,010,07,2. SHOPS/STALLS,,29,10. June,2011,**CONFIDENTIAL**,**CONFIDENTIAL**,**CONFIDENTIAL**,**CONFIDENTIAL**,**CONFIDENTIAL**
150101088801401,1. RURAL,15. DIRE DAWA,01,01,8,88,014,01,2. SHOPS/STALLS,,28,10. June,2011,**CONFIDENTIAL**,**CONFIDENTIAL**,**CONFIDENTIAL**,**CONFIDENTIAL**,**CONFIDENTIAL**
150101088801705,1. RURAL,15. DIRE DAWA,01,01,8,88,017,05,2. SHOPS/STALLS,,13,10. June,2019,**CONFIDENTIAL**,**CONFIDENTIAL**,**CONFIDENTIAL**,**CONFIDENTIAL**,**CONFIDENTIAL**
150101088802010,1. RURAL,15. DIRE DAWA,01,01,8,88,020,10,2. SHOPS/STALLS,,12,10. June,2019,**CONFIDENTIAL**,**CONFIDENTIAL**,**CONFIDENTIAL**,**CONFIDENTIAL**,**CONFIDENTIAL**
150101088802301,1. RURAL,15. DIRE DAWA,01,01,8,88,023,01,2. SHOPS/STALLS,,27,10. June,2011,**CONFIDENTIAL**,**CONFIDENTIAL**,**CONFIDENTIAL**,**CONFIDENTIAL**,**CONFIDENTIAL**
150101088802507,1. RURAL,15. DIRE DAWA,01,01,8,88,025,07,2. SHOPS/STALLS,,13,10. June,2019,**CONFIDENTIAL**,**CONFIDENTIAL**,**CONFIDENTIAL**,**CONFIDENTIAL**,**CONFIDENTIAL**
150101088802704,1. RURAL,15. DIRE DAWA,01,01,8,88,027,04,1. MARKETPLACE,,27,10. June,,**CONFIDENTIAL**,**CONFIDENTIAL**,**CONFIDENTIAL**,**CONFIDENTIAL**,**CONFIDENTIAL**
150101088802908,2. URBAN,15. DIRE DAWA,01,01,8,88,029,08,1. MARKETPLACE,,20,10. June,2008,**CONFIDENTIAL**,**CONFIDENTIAL**,**CONFIDENTIAL**,**CONFIDENTIAL**,**CONFIDENTIAL**
150101088803105,1. RURAL,15. DIRE DAWA,01,01,8,88,031,05,2. SHOPS/STALLS,,19,10. June,2011,**CONFIDENTIAL**,**CONFIDENTIAL**,**CONFIDENTIAL**,**CONFIDENTIAL**,**CONFIDENTIAL**
150101088803404,1. RURAL,15. DIRE DAWA,01,01,8,88,034,04,2. SHOPS/STALLS,,24,10. June,2011,**CONFIDENTIAL**,**CONFIDENTIAL**,**CONFIDENTIAL**,**CONFIDENTIAL**,**CONFIDENTIAL**
150101088803701,1. RURAL,15. DIRE DAWA,01,01,8,88,037,01,2. SHOPS/STALLS,,14,10. June,2011,**CONFIDENTIAL**,**CONFIDENTIAL**,**CONFIDENTIAL**,**CONFIDENTIAL**,**CONFIDENTIAL**
